Date,Gold
12/31/2024,"2,623.81"
12/30/2024,"2,605.39"
12/27/2024,"2,620.00"
12/26/2024,"2,634.43"
12/24/2024,"2,613.20"
12/23/2024,"2,612.93"
12/20/2024,"2,620.77"
12/19/2024,"2,593.85"
12/18/2024,"2,587.63"
12/17/2024,"2,645.54"
12/16/2024,"2,652.50"
12/13/2024,"2,648.39"
12/12/2024,"2,681.33"
12/11/2024,"2,717.93"
12/10/2024,"2,693.64"
12/09/2024,"2,658.78"
12/06/2024,"2,632.91"
12/05/2024,"2,632.05"
12/04/2024,"2,649.79"
12/03/2024,"2,643.44"
12/02/2024,"2,638.93"
11/29/2024,"2,653.55"
11/28/2024,"2,640.96"
11/27/2024,"2,635.51"
11/26/2024,"2,631.89"
11/25/2024,"2,625.26"
11/22/2024,"2,712.55"
11/21/2024,"2,669.69"
11/20/2024,"2,650.05"
11/19/2024,"2,631.68"
11/18/2024,"2,612.20"
11/15/2024,"2,561.24"
11/14/2024,"2,566.19"
11/13/2024,"2,573.78"
11/12/2024,"2,597.27"
11/11/2024,"2,620.20"
11/08/2024,"2,683.77"
11/07/2024,"2,706.99"
11/06/2024,"2,659.24"
11/05/2024,"2,743.59"
11/04/2024,"2,736.39"
11/01/2024,"2,735.16"
10/31/2024,"2,743.80"
10/30/2024,"2,786.19"
10/29/2024,"2,775.13"
10/28/2024,"2,741.98"
10/25/2024,"2,747.69"
10/24/2024,"2,735.70"
10/23/2024,"2,717.54"
10/22/2024,"2,748.38"
10/21/2024,"2,719.65"
10/18/2024,"2,720.25"
10/17/2024,"2,692.55"
10/16/2024,"2,673.24"
10/15/2024,"2,660.99"
10/14/2024,"2,651.05"
10/11/2024,"2,656.00"
10/10/2024,"2,629.48"
10/09/2024,"2,607.77"
10/08/2024,"2,621.94"
10/07/2024,"2,643.58"
10/04/2024,"2,652.25"
10/03/2024,"2,655.90"
10/02/2024,"2,657.75"
10/01/2024,"2,662.82"
09/30/2024,"2,634.49"
09/27/2024,"2,657.97"
09/26/2024,"2,670.20"
09/25/2024,"2,656.82"
09/24/2024,"2,656.70"
09/23/2024,"2,628.40"
09/20/2024,"2,621.96"
09/19/2024,"2,586.48"
09/18/2024,"2,558.80"
09/17/2024,"2,569.52"
09/16/2024,"2,582.58"
09/13/2024,"2,576.50"
09/12/2024,"2,558.75"
09/11/2024,"2,511.44"
09/10/2024,"2,516.12"
09/09/2024,"2,505.25"
09/06/2024,"2,497.03"
09/05/2024,"2,516.32"
09/04/2024,"2,494.19"
09/03/2024,"2,492.76"
09/02/2024,"2,499.29"
08/30/2024,"2,503.03"
08/29/2024,"2,521.18"
08/28/2024,"2,502.25"
08/27/2024,"2,524.57"
08/26/2024,"2,516.89"
08/23/2024,"2,512.07"
08/22/2024,"2,483.29"
08/21/2024,"2,511.95"
08/20/2024,"2,513.74"
08/19/2024,"2,503.92"
08/16/2024,"2,507.28"
08/15/2024,"2,456.10"
08/14/2024,"2,447.64"
08/13/2024,"2,465.03"
08/12/2024,"2,472.25"
08/09/2024,"2,430.93"
08/08/2024,"2,426.75"
08/07/2024,"2,381.53"
08/06/2024,"2,389.37"
08/05/2024,"2,407.65"
08/02/2024,"2,443.29"
08/01/2024,"2,445.42"
07/31/2024,"2,448.10"
07/30/2024,"2,408.43"
07/29/2024,"2,383.54"
07/26/2024,"2,385.57"
07/25/2024,"2,364.50"
07/24/2024,"2,397.59"
07/23/2024,"2,409.21"
07/22/2024,"2,397.65"
07/19/2024,"2,400.79"
07/18/2024,"2,444.97"
07/17/2024,"2,458.38"
07/16/2024,"2,468.57"
07/15/2024,"2,422.07"
07/12/2024,"2,411.27"
07/11/2024,"2,414.78"
07/10/2024,"2,371.07"
07/09/2024,"2,363.58"
07/08/2024,"2,358.80"
07/05/2024,"2,391.46"
07/04/2024,"2,356.12"
07/03/2024,"2,356.06"
07/02/2024,"2,329.28"
07/01/2024,"2,331.70"
06/28/2024,"2,325.71"
06/27/2024,"2,327.45"
06/26/2024,"2,297.91"
06/25/2024,"2,319.01"
06/24/2024,"2,332.93"
06/21/2024,"2,320.34"
06/20/2024,"2,359.63"
06/19/2024,"2,327.48"
06/18/2024,"2,328.33"
06/17/2024,"2,318.87"
06/14/2024,"2,332.52"
06/13/2024,"2,303.19"
06/12/2024,"2,322.55"
06/11/2024,"2,316.27"
06/10/2024,"2,310.60"
06/07/2024,"2,292.71"
06/06/2024,"2,375.61"
06/05/2024,"2,354.78"
06/04/2024,"2,327.68"
06/03/2024,"2,350.35"
05/31/2024,"2,326.97"
05/30/2024,"2,343.00"
05/29/2024,"2,338.77"
05/28/2024,"2,360.95"
05/27/2024,"2,350.74"
05/24/2024,"2,333.76"
05/23/2024,"2,328.37"
05/22/2024,"2,378.25"
05/21/2024,"2,421.64"
05/20/2024,"2,425.12"
05/17/2024,"2,414.89"
05/16/2024,"2,376.44"
05/15/2024,"2,386.04"
05/14/2024,"2,357.97"
05/13/2024,"2,336.05"
05/10/2024,"2,360.14"
05/09/2024,"2,345.88"
05/08/2024,"2,308.65"
05/07/2024,"2,313.79"
05/06/2024,"2,323.57"
05/03/2024,"2,301.56"
05/02/2024,"2,303.29"
05/01/2024,"2,317.90"
04/30/2024,"2,285.57"
04/29/2024,"2,334.44"
04/26/2024,"2,337.72"
04/25/2024,"2,331.78"
04/24/2024,"2,315.82"
04/23/2024,"2,321.81"
04/22/2024,"2,326.29"
04/19/2024,"2,390.45"
04/18/2024,"2,378.25"
04/17/2024,"2,360.81"
04/16/2024,"2,382.83"
04/15/2024,"2,382.51"
04/12/2024,"2,343.43"
04/11/2024,"2,373.24"
04/10/2024,"2,332.79"
04/09/2024,"2,352.58"
04/08/2024,"2,338.89"
04/05/2024,"2,329.50"
04/04/2024,"2,289.43"
04/03/2024,"2,299.17"
04/02/2024,"2,280.10"
04/01/2024,"2,250.36"
03/28/2024,"2,232.38"
03/27/2024,"2,194.02"
03/26/2024,"2,178.58"
03/25/2024,"2,171.45"
03/22/2024,"2,164.15"
03/21/2024,"2,180.81"
03/20/2024,"2,185.96"
03/19/2024,"2,157.23"
03/18/2024,"2,159.99"
03/15/2024,"2,155.54"
03/14/2024,"2,161.01"
03/13/2024,"2,174.40"
03/12/2024,"2,157.99"
03/11/2024,"2,182.47"
03/08/2024,"2,177.51"
03/07/2024,"2,159.16"
03/06/2024,"2,148.29"
03/05/2024,"2,127.55"
03/04/2024,"2,114.99"
03/01/2024,"2,083.39"
02/29/2024,"2,043.24"
02/28/2024,"2,034.62"
02/27/2024,"2,029.64"
02/26/2024,"2,030.66"
02/23/2024,"2,035.72"
02/22/2024,"2,024.11"
02/21/2024,"2,024.99"
02/20/2024,"2,023.53"
02/19/2024,"2,017.63"
02/16/2024,"2,013.10"
02/15/2024,"2,004.09"
02/14/2024,"1,992.39"
02/13/2024,"1,992.13"
02/12/2024,"2,019.79"
02/09/2024,"2,024.16"
02/08/2024,"2,033.18"
02/07/2024,"2,034.22"
02/06/2024,"2,035.46"
02/05/2024,"2,024.67"
02/02/2024,"2,038.59"
02/01/2024,"2,054.89"
01/31/2024,"2,037.19"
01/30/2024,"2,036.12"
01/29/2024,"2,031.75"
01/26/2024,"2,018.34"
01/25/2024,"2,019.75"
01/24/2024,"2,012.59"
01/23/2024,"2,028.69"
01/22/2024,"2,020.99"
01/19/2024,"2,029.09"
01/18/2024,"2,022.67"
01/17/2024,"2,005.72"
01/16/2024,"2,027.59"
01/15/2024,"2,054.49"
01/12/2024,"2,048.72"
01/11/2024,"2,028.09"
01/10/2024,"2,023.40"
01/09/2024,"2,029.59"
01/08/2024,"2,027.84"
01/05/2024,"2,045.50"
01/04/2024,"2,043.26"
01/03/2024,"2,040.78"
01/02/2024,"2,058.88"
01/01/2024,"2,063.80"
12/29/2023,"2,062.59"
12/28/2023,"2,064.86"
12/27/2023,"2,077.16"
12/26/2023,"2,066.60"
12/25/2023,"2,054.93"
12/22/2023,"2,052.98"
12/21/2023,"2,045.49"
12/20/2023,"2,029.19"
12/19/2023,"2,040.12"
12/18/2023,"2,027.00"
12/15/2023,"2,018.19"
12/14/2023,"2,035.53"
12/13/2023,"2,026.39"
12/12/2023,"1,979.44"
12/11/2023,"1,981.30"
12/08/2023,"2,003.39"
12/07/2023,"2,028.34"
12/06/2023,"2,024.90"
12/05/2023,"2,019.42"
12/04/2023,"2,029.74"
12/01/2023,"2,070.90"
11/30/2023,"2,035.75"
11/29/2023,"2,044.59"
11/28/2023,"2,040.89"
11/27/2023,"2,013.64"
11/24/2023,"2,001.97"
11/23/2023,"1,991.79"
11/22/2023,"1,989.72"
11/21/2023,"1,998.37"
11/20/2023,"1,977.19"
11/17/2023,"1,980.01"
11/16/2023,"1,980.85"
11/15/2023,"1,959.09"
11/14/2023,"1,962.67"
11/13/2023,"1,945.89"
11/10/2023,"1,936.79"
11/09/2023,"1,958.19"
11/08/2023,"1,949.79"
11/07/2023,"1,968.40"
11/06/2023,"1,977.68"
11/03/2023,"1,992.27"
11/02/2023,"1,985.51"
11/01/2023,"1,982.15"
10/31/2023,"1,982.70"
10/30/2023,"1,995.88"
10/27/2023,"2,005.78"
10/26/2023,"1,984.82"
10/25/2023,"1,979.62"
10/24/2023,"1,970.11"
10/23/2023,"1,972.59"
10/20/2023,"1,981.04"
10/19/2023,"1,973.70"
10/18/2023,"1,947.69"
10/17/2023,"1,923.07"
10/16/2023,"1,919.44"
10/13/2023,"1,931.70"
10/12/2023,"1,868.65"
10/11/2023,"1,873.61"
10/10/2023,"1,860.09"
10/09/2023,"1,860.88"
10/06/2023,"1,832.26"
10/05/2023,"1,820.01"
10/04/2023,"1,821.08"
10/03/2023,"1,822.81"
10/02/2023,"1,827.40"
09/29/2023,"1,848.31"
09/28/2023,"1,864.56"
09/27/2023,"1,874.70"
09/26/2023,"1,900.49"
09/25/2023,"1,915.66"
09/22/2023,"1,924.99"
09/21/2023,"1,919.57"
09/20/2023,"1,929.68"
09/19/2023,"1,930.94"
09/18/2023,"1,933.14"
09/15/2023,"1,923.57"
09/14/2023,"1,910.32"
09/13/2023,"1,906.30"
09/12/2023,"1,913.26"
09/11/2023,"1,921.66"
09/08/2023,"1,917.81"
09/07/2023,"1,919.19"
09/06/2023,"1,916.28"
09/05/2023,"1,925.81"
09/04/2023,"1,938.19"
09/01/2023,"1,938.80"
08/31/2023,"1,939.74"
08/30/2023,"1,942.24"
08/29/2023,"1,937.12"
08/28/2023,"1,919.66"
08/25/2023,"1,914.53"
08/24/2023,"1,917.43"
08/23/2023,"1,914.31"
08/22/2023,"1,897.47"
08/21/2023,"1,893.94"
08/18/2023,"1,888.19"
08/17/2023,"1,888.89"
08/16/2023,"1,891.76"
08/15/2023,"1,901.56"
08/14/2023,"1,907.90"
08/11/2023,"1,913.32"
08/10/2023,"1,912.06"
08/09/2023,"1,914.59"
08/08/2023,"1,924.82"
08/07/2023,"1,936.39"
08/04/2023,"1,941.62"
08/03/2023,"1,933.74"
08/02/2023,"1,933.56"
08/01/2023,"1,944.08"
07/31/2023,"1,964.19"
07/28/2023,"1,959.20"
07/27/2023,"1,944.99"
07/26/2023,"1,972.10"
07/25/2023,"1,964.58"
07/24/2023,"1,954.51"
07/21/2023,"1,960.23"
07/20/2023,"1,969.62"
07/19/2023,"1,977.25"
07/18/2023,"1,978.71"
07/17/2023,"1,954.74"
07/14/2023,"1,954.93"
07/13/2023,"1,960.19"
07/12/2023,"1,957.09"
07/11/2023,"1,931.99"
07/10/2023,"1,924.99"
07/07/2023,"1,924.28"
07/06/2023,"1,910.80"
07/05/2023,"1,917.32"
07/03/2023,"1,925.09"
06/30/2023,"1,921.43"
06/29/2023,"1,919.57"
06/28/2023,"1,908.15"
06/27/2023,"1,907.42"
06/26/2023,"1,913.35"
06/23/2023,"1,922.85"
06/22/2023,"1,921.36"
06/21/2023,"1,913.52"
06/20/2023,"1,932.26"
06/19/2023,"1,935.91"
06/16/2023,"1,950.12"
06/15/2023,"1,957.36"
06/14/2023,"1,957.65"
06/13/2023,"1,942.99"
06/12/2023,"1,943.33"
06/09/2023,"1,956.92"
06/08/2023,"1,960.60"
06/07/2023,"1,967.76"
06/06/2023,"1,939.63"
06/05/2023,"1,962.85"
06/02/2023,"1,961.76"
06/01/2023,"1,947.63"
05/31/2023,"1,977.88"
05/30/2023,"1,962.30"
05/29/2023,"1,959.14"
05/26/2023,"1,942.84"
05/25/2023,"1,946.33"
05/24/2023,"1,940.34"
05/23/2023,"1,957.01"
05/22/2023,"1,974.73"
05/19/2023,"1,969.43"
05/18/2023,"1,976.56"
05/17/2023,"1,958.05"
05/16/2023,"1,981.72"
05/15/2023,"1,988.60"
05/12/2023,"2,020.60"
05/11/2023,"2,011.15"
05/10/2023,"2,015.55"
05/09/2023,"2,029.51"
05/08/2023,"2,034.17"
05/05/2023,"2,021.39"
05/04/2023,"2,016.54"
05/03/2023,"2,051.11"
05/02/2023,"2,039.02"
05/01/2023,"2,016.28"
04/28/2023,"1,982.05"
04/27/2023,"1,989.65"
04/26/2023,"1,987.87"
04/25/2023,"1,989.48"
04/24/2023,"1,997.87"
04/21/2023,"1,988.88"
04/20/2023,"1,982.89"
04/19/2023,"2,004.34"
04/18/2023,"1,993.26"
04/17/2023,"2,004.93"
04/14/2023,"1,994.77"
04/13/2023,"2,003.04"
04/12/2023,"2,039.73"
04/11/2023,"2,014.67"
04/10/2023,"2,003.14"
04/07/2023,"1,989.95"
04/06/2023,"2,008.02"
04/05/2023,"2,020.35"
04/04/2023,"2,019.97"
04/03/2023,"1,984.11"
03/31/2023,"1,967.90"
03/30/2023,"1,980.25"
03/29/2023,"1,964.04"
03/28/2023,"1,973.69"
03/27/2023,"1,956.56"
03/24/2023,"1,977.22"
03/23/2023,"1,993.50"
03/22/2023,"1,969.58"
03/21/2023,"1,940.15"
03/20/2023,"1,978.71"
03/17/2023,"1,987.93"
03/16/2023,"1,919.12"
03/15/2023,"1,918.10"
03/14/2023,"1,902.12"
03/13/2023,"1,913.23"
03/10/2023,"1,867.83"
03/09/2023,"1,830.89"
03/08/2023,"1,813.59"
03/07/2023,"1,813.52"
03/06/2023,"1,846.85"
03/03/2023,"1,854.97"
03/02/2023,"1,836.00"
03/01/2023,"1,836.81"
02/28/2023,"1,827.15"
02/27/2023,"1,817.31"
02/24/2023,"1,810.81"
02/23/2023,"1,822.64"
02/22/2023,"1,825.04"
02/21/2023,"1,834.32"
02/20/2023,"1,841.14"
02/17/2023,"1,841.59"
02/16/2023,"1,837.44"
02/15/2023,"1,836.19"
02/14/2023,"1,854.29"
02/13/2023,"1,853.39"
02/10/2023,"1,864.67"
02/09/2023,"1,861.39"
02/08/2023,"1,875.59"
02/07/2023,"1,873.81"
02/06/2023,"1,867.36"
02/03/2023,"1,865.53"
02/02/2023,"1,912.37"
02/01/2023,"1,950.42"
01/31/2023,"1,927.88"
01/30/2023,"1,922.52"
01/27/2023,"1,927.34"
01/26/2023,"1,928.99"
01/25/2023,"1,945.93"
01/24/2023,"1,937.45"
01/23/2023,"1,931.30"
01/20/2023,"1,926.57"
01/19/2023,"1,931.39"
01/18/2023,"1,903.76"
01/17/2023,"1,908.39"
01/16/2023,"1,918.00"
01/13/2023,"1,920.21"
01/12/2023,"1,896.86"
01/11/2023,"1,876.38"
01/10/2023,"1,877.27"
01/09/2023,"1,871.59"
01/06/2023,"1,865.71"
01/05/2023,"1,833.19"
01/04/2023,"1,854.09"
01/03/2023,"1,839.49"
01/02/2023,"1,823.69"
12/30/2022,"1,824.40"
12/29/2022,"1,814.89"
12/28/2022,"1,804.09"
12/27/2022,"1,813.93"
12/26/2022,"1,797.61"
12/23/2022,"1,797.91"
12/22/2022,"1,792.57"
12/21/2022,"1,814.13"
12/20/2022,"1,817.41"
12/19/2022,"1,787.44"
12/16/2022,"1,792.34"
12/15/2022,"1,776.66"
12/14/2022,"1,807.27"
12/13/2022,"1,810.29"
12/12/2022,"1,781.15"
12/09/2022,"1,796.63"
12/08/2022,"1,789.23"
12/07/2022,"1,786.22"
12/06/2022,"1,770.91"
12/05/2022,"1,768.39"
12/02/2022,"1,797.82"
12/01/2022,"1,802.89"
11/30/2022,"1,768.45"
11/29/2022,"1,749.73"
11/28/2022,"1,740.75"
11/25/2022,"1,756.14"
11/24/2022,"1,754.96"
11/23/2022,"1,749.28"
11/22/2022,"1,740.24"
11/21/2022,"1,737.81"
11/18/2022,"1,749.74"
11/17/2022,"1,760.87"
11/16/2022,"1,773.77"
11/15/2022,"1,778.25"
11/14/2022,"1,771.80"
11/11/2022,"1,770.69"
11/10/2022,"1,754.75"
11/09/2022,"1,706.32"
11/08/2022,"1,712.52"
11/07/2022,"1,674.68"
11/04/2022,"1,680.27"
11/03/2022,"1,629.15"
11/02/2022,"1,634.89"
11/01/2022,"1,647.50"
10/31/2022,"1,633.12"
10/28/2022,"1,641.76"
10/27/2022,"1,662.94"
10/26/2022,"1,664.49"
10/25/2022,"1,652.52"
10/24/2022,"1,648.60"
10/21/2022,"1,656.66"
10/20/2022,"1,627.66"
10/19/2022,"1,628.49"
10/18/2022,"1,651.83"
10/17/2022,"1,649.94"
10/14/2022,"1,641.76"
10/13/2022,"1,665.80"
10/12/2022,"1,672.51"
10/11/2022,"1,665.31"
10/10/2022,"1,667.96"
10/07/2022,"1,694.52"
10/06/2022,"1,710.85"
10/05/2022,"1,715.81"
10/04/2022,"1,726.24"
10/03/2022,"1,699.22"
09/30/2022,"1,659.67"
09/29/2022,"1,660.29"
09/28/2022,"1,659.44"
09/27/2022,"1,628.80"
09/26/2022,"1,621.57"
09/23/2022,"1,643.09"
09/22/2022,"1,670.53"
09/21/2022,"1,673.74"
09/20/2022,"1,663.11"
09/19/2022,"1,675.78"
09/16/2022,"1,674.94"
09/15/2022,"1,663.74"
09/14/2022,"1,695.80"
09/13/2022,"1,701.55"
09/12/2022,"1,724.07"
09/09/2022,"1,716.05"
09/08/2022,"1,707.28"
09/07/2022,"1,717.69"
09/06/2022,"1,701.15"
09/05/2022,"1,710.21"
09/02/2022,"1,711.44"
09/01/2022,"1,696.09"
08/31/2022,"1,710.70"
08/30/2022,"1,723.55"
08/29/2022,"1,737.82"
08/26/2022,"1,736.86"
08/25/2022,"1,758.44"
08/24/2022,"1,750.89"
08/23/2022,"1,747.67"
08/22/2022,"1,735.70"
08/19/2022,"1,747.83"
08/18/2022,"1,758.20"
08/17/2022,"1,761.05"
08/16/2022,"1,775.54"
08/15/2022,"1,778.91"
08/12/2022,"1,801.76"
08/11/2022,"1,789.45"
08/10/2022,"1,792.13"
08/09/2022,"1,794.08"
08/08/2022,"1,788.52"
08/05/2022,"1,774.15"
08/04/2022,"1,790.97"
08/03/2022,"1,764.90"
08/02/2022,"1,759.75"
08/01/2022,"1,771.73"
07/29/2022,"1,765.22"
07/28/2022,"1,755.11"
07/27/2022,"1,733.89"
07/26/2022,"1,717.00"
07/25/2022,"1,718.78"
07/22/2022,"1,726.46"
07/21/2022,"1,718.49"
07/20/2022,"1,696.43"
07/19/2022,"1,711.07"
07/18/2022,"1,709.01"
07/15/2022,"1,706.78"
07/14/2022,"1,709.45"
07/13/2022,"1,735.23"
07/12/2022,"1,725.81"
07/11/2022,"1,733.67"
07/08/2022,"1,741.82"
07/07/2022,"1,739.61"
07/06/2022,"1,738.30"
07/05/2022,"1,764.35"
07/04/2022,"1,809.12"
07/01/2022,"1,810.18"
06/30/2022,"1,806.89"
06/29/2022,"1,817.11"
06/28/2022,"1,819.69"
06/27/2022,"1,822.73"
06/24/2022,"1,826.18"
06/23/2022,"1,822.43"
06/22/2022,"1,837.39"
06/21/2022,"1,832.56"
06/20/2022,"1,838.29"
06/17/2022,"1,839.35"
06/16/2022,"1,856.71"
06/15/2022,"1,833.38"
06/14/2022,"1,808.10"
06/13/2022,"1,818.77"
06/10/2022,"1,870.96"
06/09/2022,"1,847.61"
06/08/2022,"1,853.26"
06/07/2022,"1,851.97"
06/06/2022,"1,841.00"
06/03/2022,"1,850.77"
06/02/2022,"1,868.13"
06/01/2022,"1,845.55"
05/31/2022,"1,837.09"
05/30/2022,"1,856.21"
05/27/2022,"1,852.73"
05/26/2022,"1,850.02"
05/25/2022,"1,852.83"
05/24/2022,"1,865.90"
05/23/2022,"1,853.22"
05/20/2022,"1,845.68"
05/19/2022,"1,841.72"
05/18/2022,"1,815.61"
05/17/2022,"1,814.67"
05/16/2022,"1,823.79"
05/13/2022,"1,811.15"
05/12/2022,"1,821.72"
05/11/2022,"1,852.12"
05/10/2022,"1,838.14"
05/09/2022,"1,853.92"
05/06/2022,"1,882.96"
05/05/2022,"1,876.84"
05/04/2022,"1,880.92"
05/03/2022,"1,867.79"
05/02/2022,"1,862.77"
04/29/2022,"1,896.40"
04/28/2022,"1,894.34"
04/27/2022,"1,886.12"
04/26/2022,"1,905.56"
04/25/2022,"1,897.69"
04/22/2022,"1,929.73"
04/21/2022,"1,951.49"
04/20/2022,"1,957.41"
04/19/2022,"1,949.84"
04/18/2022,"1,978.50"
04/15/2022,"1,974.54"
04/14/2022,"1,973.52"
04/13/2022,"1,977.72"
04/12/2022,"1,966.59"
04/11/2022,"1,953.43"
04/08/2022,"1,945.85"
04/07/2022,"1,932.17"
04/06/2022,"1,925.48"
04/05/2022,"1,923.76"
04/04/2022,"1,932.44"
04/01/2022,"1,924.30"
03/31/2022,"1,937.23"
03/30/2022,"1,933.06"
03/29/2022,"1,919.19"
03/28/2022,"1,923.20"
03/25/2022,"1,957.40"
03/24/2022,"1,957.48"
03/23/2022,"1,943.38"
03/22/2022,"1,921.44"
03/21/2022,"1,935.95"
03/18/2022,"1,921.09"
03/17/2022,"1,942.64"
03/16/2022,"1,927.93"
03/15/2022,"1,917.84"
03/14/2022,"1,951.11"
03/11/2022,"1,985.29"
03/10/2022,"1,995.86"
03/09/2022,"1,991.49"
03/08/2022,"2,052.41"
03/07/2022,"1,998.11"
03/04/2022,"1,968.45"
03/03/2022,"1,935.21"
03/02/2022,"1,926.11"
03/01/2022,"1,943.22"
02/28/2022,"1,907.90"
02/25/2022,"1,887.56"
02/24/2022,"1,903.14"
02/23/2022,"1,907.55"
02/22/2022,"1,898.13"
02/21/2022,"1,905.63"
02/18/2022,"1,897.87"
02/17/2022,"1,897.27"
02/16/2022,"1,868.37"
02/15/2022,"1,853.06"
02/14/2022,"1,870.29"
02/11/2022,"1,859.96"
02/10/2022,"1,826.57"
02/09/2022,"1,832.43"
02/08/2022,"1,825.48"
02/07/2022,"1,820.31"
02/04/2022,"1,807.49"
02/03/2022,"1,804.40"
02/02/2022,"1,806.50"
02/01/2022,"1,800.65"
01/31/2022,"1,796.47"
01/28/2022,"1,791.03"
01/27/2022,"1,796.51"
01/26/2022,"1,818.12"
01/25/2022,"1,847.56"
01/24/2022,"1,843.06"
01/21/2022,"1,833.24"
01/20/2022,"1,838.36"
01/19/2022,"1,839.96"
01/18/2022,"1,813.54"
01/17/2022,"1,818.99"
01/14/2022,"1,817.22"
01/13/2022,"1,822.09"
01/12/2022,"1,825.32"
01/11/2022,"1,822.01"
01/10/2022,"1,801.41"
01/07/2022,"1,795.63"
01/06/2022,"1,788.68"
01/05/2022,"1,809.53"
01/04/2022,"1,814.56"
01/03/2022,"1,800.85"
12/31/2021,"1,828.39"
12/30/2021,"1,815.01"
12/29/2021,"1,803.66"
12/28/2021,"1,805.37"
12/27/2021,"1,810.90"
12/24/2021,"1,808.11"
12/23/2021,"1,807.91"
12/22/2021,"1,803.40"
12/21/2021,"1,788.36"
12/20/2021,"1,789.32"
12/17/2021,"1,797.68"
12/16/2021,"1,799.03"
12/15/2021,"1,777.06"
12/14/2021,"1,770.18"
12/13/2021,"1,786.94"
12/10/2021,"1,782.51"
12/09/2021,"1,774.46"
12/08/2021,"1,782.06"
12/07/2021,"1,784.04"
12/06/2021,"1,778.11"
12/03/2021,"1,783.74"
12/02/2021,"1,768.64"
12/01/2021,"1,782.66"
11/30/2021,"1,773.78"
11/29/2021,"1,785.01"
11/26/2021,"1,791.81"
11/25/2021,"1,788.45"
11/24/2021,"1,788.50"
11/23/2021,"1,789.73"
11/22/2021,"1,805.04"
11/19/2021,"1,844.60"
11/18/2021,"1,858.46"
11/17/2021,"1,866.96"
11/16/2021,"1,849.91"
11/15/2021,"1,862.46"
11/12/2021,"1,864.04"
11/11/2021,"1,861.52"
11/10/2021,"1,849.57"
11/09/2021,"1,831.48"
11/08/2021,"1,824.26"
11/05/2021,"1,816.73"
11/04/2021,"1,791.70"
11/03/2021,"1,769.52"
11/02/2021,"1,787.28"
11/01/2021,"1,793.05"
10/29/2021,"1,782.81"
10/28/2021,"1,798.62"
10/27/2021,"1,796.69"
10/26/2021,"1,792.63"
10/25/2021,"1,807.47"
10/22/2021,"1,792.48"
10/21/2021,"1,782.76"
10/20/2021,"1,781.83"
10/19/2021,"1,768.87"
10/18/2021,"1,764.60"
10/15/2021,"1,767.26"
10/14/2021,"1,795.56"
10/13/2021,"1,792.65"
10/12/2021,"1,759.93"
10/11/2021,"1,753.86"
10/08/2021,"1,756.67"
10/07/2021,"1,755.29"
10/06/2021,"1,762.48"
10/05/2021,"1,759.96"
10/04/2021,"1,769.51"
10/01/2021,"1,760.36"
09/30/2021,"1,756.66"
09/29/2021,"1,726.11"
09/28/2021,"1,733.68"
09/27/2021,"1,749.85"
09/24/2021,"1,749.86"
09/23/2021,"1,742.57"
09/22/2021,"1,767.91"
09/21/2021,"1,774.25"
09/20/2021,"1,763.88"
09/17/2021,"1,754.16"
09/16/2021,"1,753.39"
09/15/2021,"1,792.59"
09/14/2021,"1,804.27"
09/13/2021,"1,793.49"
09/10/2021,"1,787.34"
09/09/2021,"1,794.69"
09/08/2021,"1,788.93"
09/07/2021,"1,794.13"
09/06/2021,"1,823.10"
09/03/2021,"1,826.19"
09/02/2021,"1,809.40"
09/01/2021,"1,813.66"
08/31/2021,"1,813.43"
08/30/2021,"1,810.17"
08/27/2021,"1,816.67"
08/26/2021,"1,792.16"
08/25/2021,"1,790.68"
08/24/2021,"1,802.61"
08/23/2021,"1,805.20"
08/20/2021,"1,780.87"
08/19/2021,"1,780.18"
08/18/2021,"1,787.59"
08/17/2021,"1,785.96"
08/16/2021,"1,787.24"
08/13/2021,"1,779.15"
08/12/2021,"1,752.44"
08/11/2021,"1,751.56"
08/10/2021,"1,728.71"
08/09/2021,"1,729.46"
08/06/2021,"1,762.69"
08/05/2021,"1,804.01"
08/04/2021,"1,811.41"
08/03/2021,"1,809.94"
08/02/2021,"1,813.39"
07/30/2021,"1,813.58"
07/29/2021,"1,827.95"
07/28/2021,"1,806.88"
07/27/2021,"1,798.73"
07/26/2021,"1,797.27"
07/23/2021,"1,801.34"
07/22/2021,"1,806.69"
07/21/2021,"1,803.31"
07/20/2021,"1,810.03"
07/19/2021,"1,812.34"
07/16/2021,"1,810.89"
07/15/2021,"1,829.19"
07/14/2021,"1,827.06"
07/13/2021,"1,807.44"
07/12/2021,"1,805.88"
07/09/2021,"1,807.98"
07/08/2021,"1,802.56"
07/07/2021,"1,803.41"
07/06/2021,"1,796.69"
07/05/2021,"1,791.61"
07/02/2021,"1,786.79"
07/01/2021,"1,776.60"
06/30/2021,"1,769.80"
06/29/2021,"1,761.09"
06/28/2021,"1,778.18"
06/25/2021,"1,780.34"
06/24/2021,"1,775.18"
06/23/2021,"1,778.73"
06/22/2021,"1,778.51"
06/21/2021,"1,782.95"
06/18/2021,"1,763.34"
06/17/2021,"1,773.31"
06/16/2021,"1,811.95"
06/15/2021,"1,858.69"
06/14/2021,"1,865.99"
06/11/2021,"1,876.64"
06/10/2021,"1,898.14"
06/09/2021,"1,888.30"
06/08/2021,"1,892.82"
06/07/2021,"1,899.00"
06/04/2021,"1,889.97"
06/03/2021,"1,870.57"
06/02/2021,"1,907.94"
06/01/2021,"1,900.19"
05/31/2021,"1,906.36"
05/28/2021,"1,902.64"
05/27/2021,"1,896.08"
05/26/2021,"1,896.44"
05/25/2021,"1,899.26"
05/24/2021,"1,881.07"
05/21/2021,"1,880.30"
05/20/2021,"1,876.69"
05/19/2021,"1,869.57"
05/18/2021,"1,868.22"
05/17/2021,"1,866.13"
05/14/2021,"1,842.19"
05/13/2021,"1,826.57"
05/12/2021,"1,815.44"
05/11/2021,"1,836.94"
05/10/2021,"1,835.44"
05/07/2021,"1,830.48"
05/06/2021,"1,815.18"
05/05/2021,"1,786.44"
05/04/2021,"1,778.48"
05/03/2021,"1,792.36"
04/30/2021,"1,768.59"
04/29/2021,"1,771.24"
04/28/2021,"1,781.32"
04/27/2021,"1,776.69"
04/26/2021,"1,780.19"
04/23/2021,"1,777.18"
04/22/2021,"1,783.94"
04/21/2021,"1,793.46"
04/20/2021,"1,777.25"
04/19/2021,"1,769.31"
04/16/2021,"1,776.31"
04/15/2021,"1,763.21"
04/14/2021,"1,736.00"
04/13/2021,"1,743.83"
04/12/2021,"1,732.51"
04/09/2021,"1,743.10"
04/08/2021,"1,755.94"
04/07/2021,"1,737.28"
04/06/2021,"1,743.57"
04/05/2021,"1,728.44"
04/02/2021,"1,728.84"
04/01/2021,"1,730.18"
03/31/2021,"1,707.01"
03/30/2021,"1,684.80"
03/29/2021,"1,711.99"
03/26/2021,"1,731.97"
03/25/2021,"1,726.82"
03/24/2021,"1,734.19"
03/23/2021,"1,727.11"
03/22/2021,"1,738.69"
03/19/2021,"1,744.74"
03/18/2021,"1,736.41"
03/17/2021,"1,744.44"
03/16/2021,"1,730.94"
03/15/2021,"1,731.84"
03/12/2021,"1,726.41"
03/11/2021,"1,721.41"
03/10/2021,"1,726.05"
03/09/2021,"1,715.36"
03/08/2021,"1,681.24"
03/05/2021,"1,700.86"
03/04/2021,"1,697.19"
03/03/2021,"1,710.95"
03/02/2021,"1,738.09"
03/01/2021,"1,723.84"
02/26/2021,"1,733.49"
02/25/2021,"1,769.88"
02/24/2021,"1,804.36"
02/23/2021,"1,805.06"
02/22/2021,"1,808.66"
02/19/2021,"1,782.31"
02/18/2021,"1,775.49"
02/17/2021,"1,776.26"
02/16/2021,"1,794.31"
02/15/2021,"1,818.51"
02/12/2021,"1,823.46"
02/11/2021,"1,825.36"
02/10/2021,"1,842.22"
02/09/2021,"1,837.06"
02/08/2021,"1,830.16"
02/05/2021,"1,811.62"
02/04/2021,"1,792.26"
02/03/2021,"1,833.76"
02/02/2021,"1,837.35"
02/01/2021,"1,860.16"
01/29/2021,"1,846.09"
01/28/2021,"1,840.36"
01/27/2021,"1,843.99"
01/26/2021,"1,850.31"
01/25/2021,"1,854.99"
01/22/2021,"1,852.55"
01/21/2021,"1,869.91"
01/20/2021,"1,870.91"
01/19/2021,"1,839.34"
01/18/2021,"1,836.89"
01/15/2021,"1,826.59"
01/14/2021,"1,846.37"
01/13/2021,"1,843.41"
01/12/2021,"1,855.63"
01/11/2021,"1,844.66"
01/08/2021,"1,848.26"
01/07/2021,"1,912.50"
01/06/2021,"1,918.81"
01/05/2021,"1,949.35"
01/04/2021,"1,942.28"
01/01/2021,"1,898.10"
12/31/2020,"1,896.49"
12/30/2020,"1,893.37"
12/29/2020,"1,877.99"
12/28/2020,"1,871.19"
12/25/2020,"1,875.82"
12/24/2020,"1,876.56"
12/23/2020,"1,872.08"
12/22/2020,"1,859.56"
12/21/2020,"1,876.21"
12/18/2020,"1,880.66"
12/17/2020,"1,885.87"
12/16/2020,"1,864.15"
12/15/2020,"1,853.46"
12/14/2020,"1,827.17"
12/11/2020,"1,839.03"
12/10/2020,"1,835.31"
12/09/2020,"1,839.11"
12/08/2020,"1,871.36"
12/07/2020,"1,863.69"
12/04/2020,"1,837.61"
12/03/2020,"1,840.36"
12/02/2020,"1,831.01"
12/01/2020,"1,814.87"
11/30/2020,"1,777.02"
11/27/2020,"1,788.13"
11/26/2020,"1,810.57"
11/25/2020,"1,805.30"
11/24/2020,"1,807.51"
11/23/2020,"1,835.85"
11/20/2020,"1,870.49"
11/19/2020,"1,867.37"
11/18/2020,"1,871.41"
11/17/2020,"1,878.60"
11/16/2020,"1,888.52"
11/13/2020,"1,888.04"
11/12/2020,"1,875.76"
11/11/2020,"1,864.71"
11/10/2020,"1,876.50"
11/09/2020,"1,861.86"
11/06/2020,"1,951.51"
11/05/2020,"1,948.56"
11/04/2020,"1,903.21"
11/03/2020,"1,908.36"
11/02/2020,"1,895.10"
10/30/2020,"1,877.95"
10/29/2020,"1,867.13"
10/28/2020,"1,877.06"
10/27/2020,"1,906.83"
10/26/2020,"1,901.69"
10/23/2020,"1,900.79"
10/22/2020,"1,904.04"
10/21/2020,"1,924.49"
10/20/2020,"1,906.39"
10/19/2020,"1,904.27"
10/16/2020,"1,898.97"
10/15/2020,"1,907.82"
10/14/2020,"1,900.89"
10/13/2020,"1,890.82"
10/12/2020,"1,921.95"
10/09/2020,"1,929.43"
10/08/2020,"1,893.09"
10/07/2020,"1,887.22"
10/06/2020,"1,877.13"
10/05/2020,"1,912.90"
10/02/2020,"1,898.70"
10/01/2020,"1,905.05"
09/30/2020,"1,885.44"
09/29/2020,"1,897.69"
09/28/2020,"1,880.85"
09/25/2020,"1,860.05"
09/24/2020,"1,868.04"
09/23/2020,"1,863.55"
09/22/2020,"1,899.28"
09/21/2020,"1,912.57"
09/18/2020,"1,949.69"
09/17/2020,"1,942.60"
09/16/2020,"1,959.32"
09/15/2020,"1,955.52"
09/14/2020,"1,956.37"
09/11/2020,"1,941.50"
09/10/2020,"1,954.07"
09/09/2020,"1,946.66"
09/08/2020,"1,931.26"
09/07/2020,"1,929.18"
09/04/2020,"1,932.85"
09/03/2020,"1,930.85"
09/02/2020,"1,942.98"
09/01/2020,"1,970.49"
08/31/2020,"1,970.15"
08/28/2020,"1,964.89"
08/27/2020,"1,929.20"
08/26/2020,"1,954.03"
08/25/2020,"1,928.19"
08/24/2020,"1,933.09"
08/21/2020,"1,940.16"
08/20/2020,"1,943.60"
08/19/2020,"1,929.82"
08/18/2020,"2,001.20"
08/17/2020,"1,986.20"
08/14/2020,"1,944.29"
08/13/2020,"1,954.00"
08/12/2020,"1,918.07"
08/11/2020,"1,911.64"
08/10/2020,"2,027.77"
08/07/2020,"2,035.03"
08/06/2020,"2,063.81"
08/05/2020,"2,040.40"
08/04/2020,"2,018.52"
08/03/2020,"1,977.25"
07/31/2020,"1,975.89"
07/30/2020,"1,960.50"
07/29/2020,"1,970.73"
07/28/2020,"1,959.50"
07/27/2020,"1,942.42"
07/24/2020,"1,901.46"
07/23/2020,"1,887.44"
07/22/2020,"1,872.07"
07/21/2020,"1,842.22"
07/20/2020,"1,816.09"
07/17/2020,"1,809.90"
07/16/2020,"1,797.05"
07/15/2020,"1,811.90"
07/14/2020,"1,807.78"
07/13/2020,"1,803.39"
07/10/2020,"1,798.89"
07/09/2020,"1,803.19"
07/08/2020,"1,810.78"
07/07/2020,"1,795.26"
07/06/2020,"1,783.90"
07/03/2020,"1,775.05"
07/02/2020,"1,776.13"
07/01/2020,"1,770.32"
06/30/2020,"1,781.66"
06/29/2020,"1,772.28"
06/26/2020,"1,771.47"
06/25/2020,"1,761.82"
06/24/2020,"1,762.43"
06/23/2020,"1,767.54"
06/22/2020,"1,755.44"
06/19/2020,"1,743.62"
06/18/2020,"1,722.99"
06/17/2020,"1,727.04"
06/16/2020,"1,727.46"
06/15/2020,"1,725.53"
06/12/2020,"1,730.80"
06/11/2020,"1,727.51"
06/10/2020,"1,737.10"
06/09/2020,"1,714.57"
06/08/2020,"1,695.47"
06/05/2020,"1,685.83"
06/04/2020,"1,711.84"
06/03/2020,"1,698.63"
06/02/2020,"1,727.97"
06/01/2020,"1,740.34"
05/29/2020,"1,728.30"
05/28/2020,"1,719.40"
05/27/2020,"1,709.25"
05/26/2020,"1,712.45"
05/25/2020,"1,729.57"
05/22/2020,"1,736.07"
05/21/2020,"1,726.34"
05/20/2020,"1,749.50"
05/19/2020,"1,745.11"
05/18/2020,"1,732.32"
05/15/2020,"1,743.00"
05/14/2020,"1,730.65"
05/13/2020,"1,715.99"
05/12/2020,"1,702.72"
05/11/2020,"1,697.35"
05/08/2020,"1,702.65"
05/07/2020,"1,717.94"
05/06/2020,"1,685.88"
05/05/2020,"1,707.17"
05/04/2020,"1,701.69"
05/01/2020,"1,700.41"
04/30/2020,"1,685.05"
04/29/2020,"1,712.38"
04/28/2020,"1,708.63"
04/27/2020,"1,715.57"
04/24/2020,"1,729.43"
04/23/2020,"1,731.59"
04/22/2020,"1,714.82"
04/21/2020,"1,687.02"
04/20/2020,"1,694.12"
04/17/2020,"1,684.69"
04/16/2020,"1,718.40"
04/15/2020,"1,716.60"
04/14/2020,"1,729.70"
04/13/2020,"1,714.32"
04/10/2020,"1,689.90"
04/09/2020,"1,684.07"
04/08/2020,"1,646.52"
04/07/2020,"1,648.95"
04/06/2020,"1,663.00"
04/03/2020,"1,618.45"
04/02/2020,"1,613.79"
04/01/2020,"1,595.05"
03/31/2020,"1,571.31"
03/30/2020,"1,623.30"
03/27/2020,"1,623.50"
03/26/2020,"1,632.38"
03/25/2020,"1,613.79"
03/24/2020,"1,622.03"
03/23/2020,"1,553.81"
03/20/2020,"1,498.24"
03/19/2020,"1,471.00"
03/18/2020,"1,486.30"
03/17/2020,"1,528.58"
03/16/2020,"1,514.61"
03/13/2020,"1,529.70"
03/12/2020,"1,577.09"
03/11/2020,"1,635.03"
03/10/2020,"1,649.36"
03/09/2020,"1,680.20"
03/06/2020,"1,674.23"
03/05/2020,"1,670.61"
03/04/2020,"1,635.83"
03/03/2020,"1,639.77"
03/02/2020,"1,590.73"
02/28/2020,"1,585.12"
02/27/2020,"1,642.35"
02/26/2020,"1,639.96"
02/25/2020,"1,635.38"
02/24/2020,"1,660.72"
02/21/2020,"1,643.70"
02/20/2020,"1,619.70"
02/19/2020,"1,611.64"
02/18/2020,"1,601.91"
02/17/2020,"1,581.10"
02/14/2020,"1,584.70"
02/13/2020,"1,576.39"
02/12/2020,"1,565.63"
02/11/2020,"1,567.72"
02/10/2020,"1,572.30"
02/07/2020,"1,570.29"
02/06/2020,"1,566.85"
02/05/2020,"1,556.70"
02/04/2020,"1,552.55"
02/03/2020,"1,576.45"
01/31/2020,"1,590.20"
01/30/2020,"1,574.22"
01/29/2020,"1,577.12"
01/28/2020,"1,566.24"
01/27/2020,"1,581.95"
01/24/2020,"1,570.65"
01/23/2020,"1,563.33"
01/22/2020,"1,558.91"
01/21/2020,"1,558.02"
01/20/2020,"1,561.58"
01/17/2020,"1,556.61"
01/16/2020,"1,552.79"
01/15/2020,"1,556.19"
01/14/2020,"1,546.37"
01/13/2020,"1,548.30"
01/10/2020,"1,562.28"
01/09/2020,"1,552.37"
01/08/2020,"1,555.81"
01/07/2020,"1,573.99"
01/06/2020,"1,565.96"
01/03/2020,"1,551.65"
01/02/2020,"1,528.94"
01/01/2020,"1,517.30"
12/31/2019,"1,517.39"
12/30/2019,"1,515.22"
12/27/2019,"1,510.67"
12/26/2019,"1,511.55"
12/25/2019,"1,499.55"
12/24/2019,"1,499.56"
12/23/2019,"1,485.52"
12/20/2019,"1,478.20"
12/19/2019,"1,479.15"
12/18/2019,"1,475.44"
12/17/2019,"1,476.45"
12/16/2019,"1,476.25"
12/13/2019,"1,475.81"
12/12/2019,"1,469.43"
12/11/2019,"1,474.85"
12/10/2019,"1,464.21"
12/09/2019,"1,461.99"
12/06/2019,"1,459.76"
12/05/2019,"1,475.70"
12/04/2019,"1,474.35"
12/03/2019,"1,477.34"
12/02/2019,"1,462.44"
11/29/2019,"1,464.80"
11/28/2019,"1,458.34"
11/27/2019,"1,454.35"
11/26/2019,"1,461.60"
11/25/2019,"1,454.97"
11/22/2019,"1,462.29"
11/21/2019,"1,464.40"
11/20/2019,"1,471.25"
11/19/2019,"1,472.38"
11/18/2019,"1,470.85"
11/15/2019,"1,467.37"
11/14/2019,"1,471.20"
11/13/2019,"1,463.19"
11/12/2019,"1,457.19"
11/11/2019,"1,455.90"
11/08/2019,"1,458.66"
11/07/2019,"1,468.07"
11/06/2019,"1,490.46"
11/05/2019,"1,484.10"
11/04/2019,"1,509.63"
11/01/2019,"1,513.95"
10/31/2019,"1,513.36"
10/30/2019,"1,495.40"
10/29/2019,"1,487.60"
10/28/2019,"1,492.69"
10/25/2019,"1,504.73"
10/24/2019,"1,503.65"
10/23/2019,"1,492.10"
10/22/2019,"1,488.05"
10/21/2019,"1,484.50"
10/18/2019,"1,490.10"
10/17/2019,"1,491.89"
10/16/2019,"1,489.77"
10/15/2019,"1,481.17"
10/14/2019,"1,492.90"
10/11/2019,"1,489.85"
10/10/2019,"1,494.30"
10/09/2019,"1,505.70"
10/08/2019,"1,505.51"
10/07/2019,"1,493.60"
10/04/2019,"1,504.60"
10/03/2019,"1,505.00"
10/02/2019,"1,499.51"
10/01/2019,"1,478.98"
09/30/2019,"1,472.25"
09/27/2019,"1,496.94"
09/26/2019,"1,505.80"
09/25/2019,"1,504.15"
09/24/2019,"1,532.30"
09/23/2019,"1,522.12"
09/20/2019,"1,517.15"
09/19/2019,"1,499.20"
09/18/2019,"1,493.90"
09/17/2019,"1,503.10"
09/16/2019,"1,498.80"
09/13/2019,"1,488.70"
09/12/2019,"1,498.95"
09/11/2019,"1,497.60"
09/10/2019,"1,486.40"
09/09/2019,"1,498.95"
09/06/2019,"1,506.95"
09/05/2019,"1,519.35"
09/04/2019,"1,552.60"
09/03/2019,"1,547.00"
09/02/2019,"1,530.59"
08/30/2019,"1,520.25"
08/29/2019,"1,527.70"
08/28/2019,"1,539.10"
08/27/2019,"1,542.64"
08/26/2019,"1,526.35"
08/23/2019,"1,526.85"
08/22/2019,"1,498.80"
08/21/2019,"1,502.30"
08/20/2019,"1,507.10"
08/19/2019,"1,495.30"
08/16/2019,"1,514.15"
08/15/2019,"1,523.20"
08/14/2019,"1,516.34"
08/13/2019,"1,501.39"
08/12/2019,"1,511.40"
08/09/2019,"1,497.24"
08/08/2019,"1,500.95"
08/07/2019,"1,501.20"
08/06/2019,"1,474.27"
08/05/2019,"1,463.80"
08/02/2019,"1,440.70"
08/01/2019,"1,445.31"
07/31/2019,"1,413.80"
07/30/2019,"1,430.85"
07/29/2019,"1,426.94"
07/26/2019,"1,418.69"
07/25/2019,"1,414.53"
07/24/2019,"1,425.90"
07/23/2019,"1,417.39"
07/22/2019,"1,425.12"
07/19/2019,"1,425.30"
07/18/2019,"1,446.30"
07/17/2019,"1,426.80"
07/16/2019,"1,406.33"
07/15/2019,"1,414.08"
07/12/2019,"1,415.74"
07/11/2019,"1,404.00"
07/10/2019,"1,419.00"
07/09/2019,"1,397.90"
07/08/2019,"1,395.50"
07/05/2019,"1,399.95"
07/04/2019,"1,415.64"
07/03/2019,"1,418.94"
07/02/2019,"1,418.44"
07/01/2019,"1,384.31"
06/28/2019,"1,409.50"
06/27/2019,"1,409.68"
06/26/2019,"1,408.75"
06/25/2019,"1,423.25"
06/24/2019,"1,419.55"
06/21/2019,"1,399.05"
06/20/2019,"1,388.18"
06/19/2019,"1,360.27"
06/18/2019,"1,346.48"
06/17/2019,"1,339.54"
06/14/2019,"1,341.58"
06/13/2019,"1,342.35"
06/12/2019,"1,333.55"
06/11/2019,"1,326.91"
06/10/2019,"1,328.13"
06/07/2019,"1,340.70"
06/06/2019,"1,335.55"
06/05/2019,"1,330.18"
06/04/2019,"1,325.28"
06/03/2019,"1,325.17"
05/31/2019,"1,305.65"
05/30/2019,"1,288.85"
05/29/2019,"1,279.60"
05/28/2019,"1,279.49"
05/27/2019,"1,285.20"
05/24/2019,"1,284.89"
05/23/2019,"1,283.45"
05/22/2019,"1,273.62"
05/21/2019,"1,274.97"
05/20/2019,"1,277.74"
05/17/2019,"1,277.55"
05/16/2019,"1,286.65"
05/15/2019,"1,296.66"
05/14/2019,"1,297.03"
05/13/2019,"1,299.90"
05/10/2019,"1,286.00"
05/09/2019,"1,284.14"
05/08/2019,"1,280.93"
05/07/2019,"1,285.15"
05/06/2019,"1,280.33"
05/03/2019,"1,279.19"
05/02/2019,"1,270.54"
05/01/2019,"1,276.61"
04/30/2019,"1,283.60"
04/29/2019,"1,279.80"
04/26/2019,"1,286.25"
04/25/2019,"1,277.35"
04/24/2019,"1,275.36"
04/23/2019,"1,272.40"
04/22/2019,"1,274.92"
04/18/2019,"1,275.39"
04/17/2019,"1,274.14"
04/16/2019,"1,276.57"
04/15/2019,"1,287.88"
04/12/2019,"1,290.40"
04/11/2019,"1,292.60"
04/10/2019,"1,308.05"
04/09/2019,"1,304.13"
04/08/2019,"1,297.41"
04/05/2019,"1,291.70"
04/04/2019,"1,292.38"
04/03/2019,"1,289.90"
04/02/2019,"1,293.15"
04/01/2019,"1,287.66"
03/29/2019,"1,292.15"
03/28/2019,"1,290.55"
03/27/2019,"1,309.87"
03/26/2019,"1,315.51"
03/25/2019,"1,321.90"
03/22/2019,"1,313.38"
03/21/2019,"1,309.45"
03/20/2019,"1,312.48"
03/19/2019,"1,306.55"
03/18/2019,"1,303.70"
03/15/2019,"1,301.38"
03/14/2019,"1,296.28"
03/13/2019,"1,309.28"
03/12/2019,"1,302.01"
03/11/2019,"1,294.25"
03/08/2019,"1,298.39"
03/07/2019,"1,285.74"
03/06/2019,"1,286.76"
03/05/2019,"1,287.43"
03/04/2019,"1,286.66"
03/01/2019,"1,293.56"
02/28/2019,"1,313.05"
02/27/2019,"1,319.88"
02/26/2019,"1,328.96"
02/25/2019,"1,327.12"
02/22/2019,"1,327.80"
02/21/2019,"1,323.49"
02/20/2019,"1,338.49"
02/19/2019,"1,341.16"
02/18/2019,"1,326.90"
02/15/2019,"1,321.41"
02/14/2019,"1,312.55"
02/13/2019,"1,306.19"
02/12/2019,"1,310.89"
02/11/2019,"1,308.33"
02/08/2019,"1,314.07"
02/07/2019,"1,310.09"
02/06/2019,"1,306.22"
02/05/2019,"1,315.01"
02/04/2019,"1,311.75"
02/01/2019,"1,318.00"
01/31/2019,"1,320.94"
01/30/2019,"1,319.91"
01/29/2019,"1,311.93"
01/28/2019,"1,303.53"
01/25/2019,"1,303.22"
01/24/2019,"1,280.94"
01/23/2019,"1,282.39"
01/22/2019,"1,285.04"
01/21/2019,"1,280.28"
01/18/2019,"1,281.49"
01/17/2019,"1,291.90"
01/16/2019,"1,293.52"
01/15/2019,"1,289.31"
01/14/2019,"1,291.73"
01/11/2019,"1,288.00"
01/10/2019,"1,286.38"
01/09/2019,"1,293.13"
01/08/2019,"1,285.35"
01/07/2019,"1,288.67"
01/04/2019,"1,284.92"
01/03/2019,"1,293.99"
01/02/2019,"1,284.77"
01/01/2019,"1,282.62"
12/31/2018,"1,282.82"
12/28/2018,"1,280.75"
12/27/2018,"1,275.22"
12/26/2018,"1,266.98"
12/24/2018,"1,269.13"
12/21/2018,"1,256.01"
12/20/2018,"1,260.14"
12/19/2018,"1,243.39"
12/18/2018,"1,249.38"
12/17/2018,"1,245.91"
12/14/2018,"1,238.21"
12/13/2018,"1,242.46"
12/12/2018,"1,245.80"
12/11/2018,"1,242.94"
12/10/2018,"1,244.59"
12/07/2018,"1,248.10"
12/06/2018,"1,237.99"
12/05/2018,"1,237.56"
12/04/2018,"1,238.55"
12/03/2018,"1,231.08"
11/30/2018,"1,221.97"
11/29/2018,"1,223.99"
11/28/2018,"1,221.11"
11/27/2018,"1,214.69"
11/26/2018,"1,222.37"
11/23/2018,"1,223.19"
11/22/2018,"1,227.45"
11/21/2018,"1,226.02"
11/20/2018,"1,221.55"
11/19/2018,"1,224.05"
11/16/2018,"1,221.47"
11/15/2018,"1,213.00"
11/14/2018,"1,210.91"
11/13/2018,"1,202.35"
11/12/2018,"1,200.65"
11/09/2018,"1,209.60"
11/08/2018,"1,223.54"
11/07/2018,"1,226.11"
11/06/2018,"1,226.80"
11/05/2018,"1,231.30"
11/02/2018,"1,232.89"
11/01/2018,"1,233.24"
10/31/2018,"1,214.54"
10/30/2018,"1,223.44"
10/29/2018,"1,229.74"
10/26/2018,"1,233.59"
10/25/2018,"1,232.23"
10/24/2018,"1,234.22"
10/23/2018,"1,230.49"
10/22/2018,"1,222.17"
10/19/2018,"1,226.32"
10/18/2018,"1,225.75"
10/17/2018,"1,222.68"
10/16/2018,"1,224.43"
10/15/2018,"1,226.93"
10/12/2018,"1,217.93"
10/11/2018,"1,224.33"
10/10/2018,"1,194.78"
10/09/2018,"1,189.62"
10/08/2018,"1,188.01"
10/05/2018,"1,202.86"
10/04/2018,"1,199.66"
10/03/2018,"1,197.37"
10/02/2018,"1,203.10"
10/01/2018,"1,188.47"
09/28/2018,"1,192.09"
09/27/2018,"1,182.80"
09/26/2018,"1,194.46"
09/25/2018,"1,201.31"
09/24/2018,"1,198.86"
09/21/2018,"1,199.55"
09/20/2018,"1,207.58"
09/19/2018,"1,203.99"
09/18/2018,"1,198.35"
09/17/2018,"1,200.93"
09/14/2018,"1,193.71"
09/13/2018,"1,201.44"
09/12/2018,"1,206.19"
09/11/2018,"1,198.29"
09/10/2018,"1,195.88"
09/07/2018,"1,195.86"
09/06/2018,"1,200.14"
09/05/2018,"1,196.75"
09/04/2018,"1,191.35"
09/03/2018,"1,201.15"
08/31/2018,"1,201.09"
08/30/2018,"1,199.88"
08/29/2018,"1,206.66"
08/28/2018,"1,201.26"
08/27/2018,"1,211.35"
08/24/2018,"1,205.97"
08/23/2018,"1,185.31"
08/22/2018,"1,195.51"
08/21/2018,"1,196.12"
08/20/2018,"1,190.53"
08/17/2018,"1,184.77"
08/16/2018,"1,174.16"
08/15/2018,"1,174.88"
08/14/2018,"1,194.03"
08/13/2018,"1,193.64"
08/10/2018,"1,211.30"
08/09/2018,"1,212.35"
08/08/2018,"1,213.61"
08/07/2018,"1,211.02"
08/06/2018,"1,206.94"
08/03/2018,"1,213.43"
08/02/2018,"1,207.96"
08/01/2018,"1,216.05"
07/31/2018,"1,223.83"
07/30/2018,"1,221.80"
07/27/2018,"1,223.38"
07/26/2018,"1,222.67"
07/25/2018,"1,231.61"
07/24/2018,"1,224.55"
07/23/2018,"1,224.54"
07/20/2018,"1,231.76"
07/19/2018,"1,222.80"
07/18/2018,"1,227.18"
07/17/2018,"1,227.51"
07/16/2018,"1,240.82"
07/13/2018,"1,241.52"
07/12/2018,"1,247.14"
07/11/2018,"1,242.16"
07/10/2018,"1,255.65"
07/09/2018,"1,257.76"
07/06/2018,"1,254.99"
07/05/2018,"1,257.76"
07/04/2018,"1,256.95"
07/03/2018,"1,252.93"
07/02/2018,"1,241.97"
06/29/2018,"1,253.00"
06/28/2018,"1,248.28"
06/27/2018,"1,252.02"
06/26/2018,"1,258.99"
06/25/2018,"1,266.00"
06/22/2018,"1,269.28"
06/21/2018,"1,267.20"
06/20/2018,"1,268.10"
06/19/2018,"1,274.76"
06/18/2018,"1,278.31"
06/15/2018,"1,279.84"
06/14/2018,"1,302.22"
06/13/2018,"1,299.71"
06/12/2018,"1,295.97"
06/11/2018,"1,300.14"
06/08/2018,"1,298.75"
06/07/2018,"1,297.12"
06/06/2018,"1,297.00"
06/05/2018,"1,296.13"
06/04/2018,"1,291.98"
06/01/2018,"1,293.14"
05/31/2018,"1,298.32"
05/30/2018,"1,301.48"
05/29/2018,"1,298.86"
05/28/2018,"1,298.11"
05/25/2018,"1,301.61"
05/24/2018,"1,304.88"
05/23/2018,"1,293.75"
05/22/2018,"1,291.32"
05/21/2018,"1,292.68"
05/18/2018,"1,292.50"
05/17/2018,"1,291.00"
05/16/2018,"1,291.03"
05/15/2018,"1,290.64"
05/14/2018,"1,312.82"
05/11/2018,"1,318.22"
05/10/2018,"1,321.39"
05/09/2018,"1,312.78"
05/08/2018,"1,314.47"
05/07/2018,"1,314.30"
05/04/2018,"1,315.05"
05/03/2018,"1,312.09"
05/02/2018,"1,304.85"
05/01/2018,"1,303.97"
04/30/2018,"1,315.36"
04/27/2018,"1,322.80"
04/26/2018,"1,317.28"
04/25/2018,"1,323.33"
04/24/2018,"1,330.68"
04/23/2018,"1,325.00"
04/20/2018,"1,335.12"
04/19/2018,"1,345.60"
04/18/2018,"1,349.32"
04/17/2018,"1,347.29"
04/16/2018,"1,345.91"
04/13/2018,"1,345.46"
04/12/2018,"1,335.48"
04/11/2018,"1,353.29"
04/10/2018,"1,340.05"
04/09/2018,"1,336.24"
04/06/2018,"1,333.20"
04/05/2018,"1,326.55"
04/04/2018,"1,333.35"
04/03/2018,"1,332.83"
04/02/2018,"1,341.35"
03/29/2018,"1,325.00"
03/28/2018,"1,324.99"
03/27/2018,"1,344.71"
03/26/2018,"1,353.46"
03/23/2018,"1,347.22"
03/22/2018,"1,328.95"
03/21/2018,"1,332.17"
03/20/2018,"1,311.21"
03/19/2018,"1,316.94"
03/16/2018,"1,314.00"
03/15/2018,"1,316.26"
03/14/2018,"1,325.00"
03/13/2018,"1,326.39"
03/12/2018,"1,323.05"
03/09/2018,"1,323.70"
03/08/2018,"1,322.35"
03/07/2018,"1,325.54"
03/06/2018,"1,334.46"
03/05/2018,"1,320.01"
03/02/2018,"1,322.20"
03/01/2018,"1,316.55"
02/28/2018,"1,318.05"
02/27/2018,"1,318.20"
02/26/2018,"1,333.16"
02/23/2018,"1,328.94"
02/22/2018,"1,331.51"
02/21/2018,"1,324.26"
02/20/2018,"1,329.49"
02/19/2018,"1,346.69"
02/16/2018,"1,347.86"
02/15/2018,"1,353.30"
02/14/2018,"1,350.76"
02/13/2018,"1,329.55"
02/12/2018,"1,322.88"
02/09/2018,"1,316.69"
02/08/2018,"1,318.97"
02/07/2018,"1,318.49"
02/06/2018,"1,325.02"
02/05/2018,"1,339.60"
02/02/2018,"1,332.98"
02/01/2018,"1,349.19"
01/31/2018,"1,345.10"
01/30/2018,"1,338.55"
01/29/2018,"1,340.35"
01/26/2018,"1,350.14"
01/25/2018,"1,348.05"
01/24/2018,"1,358.15"
01/23/2018,"1,341.39"
01/22/2018,"1,334.11"
01/19/2018,"1,331.80"
01/18/2018,"1,327.19"
01/17/2018,"1,327.73"
01/16/2018,"1,338.61"
01/15/2018,"1,340.16"
01/12/2018,"1,338.40"
01/11/2018,"1,322.42"
01/10/2018,"1,317.19"
01/09/2018,"1,312.66"
01/08/2018,"1,320.58"
01/05/2018,"1,320.21"
01/04/2018,"1,322.97"
01/03/2018,"1,312.84"
01/02/2018,"1,318.14"
01/01/2018,"1,306.86"
12/29/2017,"1,302.55"
12/28/2017,"1,294.84"
12/27/2017,"1,287.41"
12/26/2017,"1,283.29"
12/25/2017,"1,275.24"
12/22/2017,"1,275.01"
12/21/2017,"1,266.76"
12/20/2017,"1,265.62"
12/19/2017,"1,261.72"
12/18/2017,"1,261.69"
12/15/2017,"1,255.26"
12/14/2017,"1,252.85"
12/13/2017,"1,255.45"
12/12/2017,"1,243.85"
12/11/2017,"1,241.96"
12/08/2017,"1,248.14"
12/07/2017,"1,246.70"
12/06/2017,"1,263.94"
12/05/2017,"1,266.55"
12/04/2017,"1,276.23"
12/01/2017,"1,280.26"
11/30/2017,"1,274.76"
11/29/2017,"1,283.57"
11/28/2017,"1,294.01"
11/27/2017,"1,294.50"
11/24/2017,"1,288.22"
11/23/2017,"1,291.25"
11/22/2017,"1,292.12"
11/21/2017,"1,280.48"
11/20/2017,"1,276.70"
11/17/2017,"1,294.37"
11/16/2017,"1,278.47"
11/15/2017,"1,278.80"
11/14/2017,"1,280.71"
11/13/2017,"1,277.99"
11/10/2017,"1,276.14"
11/09/2017,"1,285.30"
11/08/2017,"1,281.30"
11/07/2017,"1,275.53"
11/06/2017,"1,281.55"
11/03/2017,"1,269.85"
11/02/2017,"1,275.99"
11/01/2017,"1,274.39"
10/31/2017,"1,271.58"
10/30/2017,"1,276.24"
10/27/2017,"1,273.35"
10/26/2017,"1,267.11"
10/25/2017,"1,277.41"
10/24/2017,"1,276.72"
10/23/2017,"1,282.07"
10/20/2017,"1,280.72"
10/19/2017,"1,289.79"
10/18/2017,"1,281.17"
10/17/2017,"1,285.19"
10/16/2017,"1,294.74"
10/13/2017,"1,304.88"
10/12/2017,"1,293.60"
10/11/2017,"1,291.80"
10/10/2017,"1,287.85"
10/09/2017,"1,284.10"
10/06/2017,"1,276.03"
10/05/2017,"1,268.05"
10/04/2017,"1,274.69"
10/03/2017,"1,271.75"
10/02/2017,"1,271.12"
09/29/2017,"1,279.45"
09/28/2017,"1,287.30"
09/27/2017,"1,281.12"
09/26/2017,"1,293.89"
09/25/2017,"1,310.55"
09/22/2017,"1,297.38"
09/21/2017,"1,291.39"
09/20/2017,"1,301.15"
09/19/2017,"1,311.28"
09/18/2017,"1,307.57"
09/15/2017,"1,319.62"
09/14/2017,"1,329.83"
09/13/2017,"1,323.25"
09/12/2017,"1,331.94"
09/11/2017,"1,327.32"
09/08/2017,"1,346.71"
09/07/2017,"1,349.20"
09/06/2017,"1,334.14"
09/05/2017,"1,339.33"
09/04/2017,"1,334.67"
09/01/2017,"1,324.97"
08/31/2017,"1,322.07"
08/30/2017,"1,308.76"
08/29/2017,"1,309.50"
08/28/2017,"1,310.49"
08/25/2017,"1,291.15"
08/24/2017,"1,286.33"
08/23/2017,"1,290.62"
08/22/2017,"1,284.72"
08/21/2017,"1,291.22"
08/18/2017,"1,284.50"
08/17/2017,"1,288.01"
08/16/2017,"1,283.10"
08/15/2017,"1,272.13"
08/14/2017,"1,281.95"
08/11/2017,"1,289.21"
08/10/2017,"1,286.90"
08/09/2017,"1,277.55"
08/08/2017,"1,260.64"
08/07/2017,"1,257.69"
08/04/2017,"1,258.60"
08/03/2017,"1,268.65"
08/02/2017,"1,266.70"
08/01/2017,"1,269.05"
07/31/2017,"1,269.55"
07/28/2017,"1,269.25"
07/27/2017,"1,259.00"
07/26/2017,"1,261.10"
07/25/2017,"1,249.05"
07/24/2017,"1,255.24"
07/21/2017,"1,254.90"
07/20/2017,"1,244.74"
07/19/2017,"1,240.87"
07/18/2017,"1,242.46"
07/17/2017,"1,234.40"
07/14/2017,"1,228.98"
07/13/2017,"1,217.45"
07/12/2017,"1,220.00"
07/11/2017,"1,217.69"
07/10/2017,"1,214.35"
07/07/2017,"1,212.90"
07/06/2017,"1,225.15"
07/05/2017,"1,226.95"
07/04/2017,"1,223.97"
07/03/2017,"1,220.46"
06/30/2017,"1,241.60"
06/29/2017,"1,245.74"
06/28/2017,"1,249.32"
06/27/2017,"1,247.10"
06/26/2017,"1,244.45"
06/23/2017,"1,256.90"
06/22/2017,"1,250.62"
06/21/2017,"1,246.55"
06/20/2017,"1,243.19"
06/19/2017,"1,243.25"
06/16/2017,"1,253.63"
06/15/2017,"1,254.00"
06/14/2017,"1,261.18"
06/13/2017,"1,265.85"
06/12/2017,"1,265.74"
06/09/2017,"1,266.40"
06/08/2017,"1,278.90"
06/07/2017,"1,286.91"
06/06/2017,"1,294.00"
06/05/2017,"1,279.95"
06/02/2017,"1,279.98"
06/01/2017,"1,265.64"
05/31/2017,"1,268.59"
05/30/2017,"1,263.10"
05/29/2017,"1,266.97"
05/26/2017,"1,267.05"
05/25/2017,"1,255.76"
05/24/2017,"1,258.55"
05/23/2017,"1,251.16"
05/22/2017,"1,260.46"
05/19/2017,"1,255.55"
05/18/2017,"1,247.05"
05/17/2017,"1,260.74"
05/16/2017,"1,236.80"
05/15/2017,"1,230.71"
05/12/2017,"1,228.83"
05/11/2017,"1,224.85"
05/10/2017,"1,219.15"
05/09/2017,"1,221.30"
05/08/2017,"1,226.30"
05/05/2017,"1,227.74"
05/04/2017,"1,227.75"
05/03/2017,"1,238.38"
05/02/2017,"1,256.90"
05/01/2017,"1,256.80"
04/28/2017,"1,268.15"
04/27/2017,"1,264.60"
04/26/2017,"1,269.05"
04/25/2017,"1,263.76"
04/24/2017,"1,275.30"
04/21/2017,"1,284.50"
04/20/2017,"1,281.85"
04/19/2017,"1,279.66"
04/18/2017,"1,289.64"
04/17/2017,"1,284.80"
04/14/2017,"1,285.69"
04/13/2017,"1,287.74"
04/12/2017,"1,286.60"
04/11/2017,"1,274.44"
04/10/2017,"1,254.73"
04/07/2017,"1,254.05"
04/06/2017,"1,251.80"
04/05/2017,"1,255.30"
04/04/2017,"1,256.22"
04/03/2017,"1,253.35"
03/31/2017,"1,249.13"
03/30/2017,"1,243.30"
03/29/2017,"1,252.45"
03/28/2017,"1,251.63"
03/27/2017,"1,254.30"
03/24/2017,"1,244.17"
03/23/2017,"1,245.30"
03/22/2017,"1,249.35"
03/21/2017,"1,245.00"
03/20/2017,"1,233.90"
03/17/2017,"1,229.15"
03/16/2017,"1,226.78"
03/15/2017,"1,219.40"
03/14/2017,"1,199.08"
03/13/2017,"1,204.05"
03/10/2017,"1,204.55"
03/09/2017,"1,200.83"
03/08/2017,"1,207.58"
03/07/2017,"1,215.67"
03/06/2017,"1,225.96"
03/03/2017,"1,234.30"
03/02/2017,"1,235.30"
03/01/2017,"1,248.94"
02/28/2017,"1,248.59"
02/27/2017,"1,252.76"
02/24/2017,"1,256.94"
02/23/2017,"1,249.41"
02/22/2017,"1,237.69"
02/21/2017,"1,235.97"
02/20/2017,"1,238.38"
02/17/2017,"1,235.29"
02/16/2017,"1,239.14"
02/15/2017,"1,232.94"
02/14/2017,"1,228.61"
02/13/2017,"1,225.44"
02/10/2017,"1,234.12"
02/09/2017,"1,230.89"
02/08/2017,"1,241.99"
02/07/2017,"1,233.72"
02/06/2017,"1,235.59"
02/03/2017,"1,219.88"
02/02/2017,"1,215.93"
02/01/2017,"1,209.49"
01/31/2017,"1,210.63"
01/30/2017,"1,195.35"
01/27/2017,"1,191.60"
01/26/2017,"1,188.57"
01/25/2017,"1,200.31"
01/24/2017,"1,208.81"
01/23/2017,"1,217.48"
01/20/2017,"1,209.96"
01/19/2017,"1,205.14"
01/18/2017,"1,203.64"
01/17/2017,"1,216.54"
01/16/2017,"1,203.17"
01/13/2017,"1,197.66"
01/12/2017,"1,195.66"
01/11/2017,"1,191.85"
01/10/2017,"1,187.74"
01/09/2017,"1,181.27"
01/06/2017,"1,172.81"
01/05/2017,"1,180.48"
01/04/2017,"1,163.80"
01/03/2017,"1,158.91"
01/02/2017,"1,150.52"
12/30/2016,"1,151.85"
12/29/2016,"1,158.32"
12/28/2016,"1,142.45"
12/27/2016,"1,139.35"
12/26/2016,"1,133.94"
12/23/2016,"1,133.49"
12/22/2016,"1,128.69"
12/21/2016,"1,131.80"
12/20/2016,"1,132.20"
12/19/2016,"1,139.05"
12/16/2016,"1,134.09"
12/15/2016,"1,128.43"
12/14/2016,"1,144.25"
12/13/2016,"1,158.35"
12/12/2016,"1,162.21"
12/09/2016,"1,157.87"
12/08/2016,"1,170.55"
12/07/2016,"1,174.00"
12/06/2016,"1,169.74"
12/05/2016,"1,170.26"
12/02/2016,"1,176.92"
12/01/2016,"1,171.30"
11/30/2016,"1,173.11"
11/29/2016,"1,188.46"
11/28/2016,"1,193.44"
11/25/2016,"1,183.63"
11/24/2016,"1,184.00"
11/23/2016,"1,187.77"
11/22/2016,"1,212.24"
11/21/2016,"1,214.05"
11/18/2016,"1,208.69"
11/17/2016,"1,216.39"
11/16/2016,"1,225.30"
11/15/2016,"1,228.08"
11/14/2016,"1,220.26"
11/11/2016,"1,225.68"
11/10/2016,"1,259.76"
11/09/2016,"1,278.00"
11/08/2016,"1,275.64"
11/07/2016,"1,281.41"
11/04/2016,"1,304.25"
11/03/2016,"1,303.75"
11/02/2016,"1,297.39"
11/01/2016,"1,288.15"
10/31/2016,"1,277.38"
10/28/2016,"1,276.30"
10/27/2016,"1,268.30"
10/26/2016,"1,266.99"
10/25/2016,"1,274.35"
10/24/2016,"1,264.44"
10/21/2016,"1,266.75"
10/20/2016,"1,266.00"
10/19/2016,"1,269.40"
10/18/2016,"1,262.84"
10/17/2016,"1,255.70"
10/14/2016,"1,250.55"
10/13/2016,"1,258.12"
10/12/2016,"1,255.33"
10/11/2016,"1,253.25"
10/10/2016,"1,259.74"
10/07/2016,"1,256.97"
10/06/2016,"1,254.74"
10/05/2016,"1,266.70"
10/04/2016,"1,268.30"
10/03/2016,"1,311.96"
09/30/2016,"1,315.96"
09/29/2016,"1,320.27"
09/28/2016,"1,321.41"
09/27/2016,"1,327.36"
09/26/2016,"1,337.97"
09/23/2016,"1,337.61"
09/22/2016,"1,337.30"
09/21/2016,"1,336.85"
09/20/2016,"1,315.10"
09/19/2016,"1,313.39"
09/16/2016,"1,310.43"
09/15/2016,"1,314.25"
09/14/2016,"1,322.97"
09/13/2016,"1,319.05"
09/12/2016,"1,327.63"
09/09/2016,"1,328.15"
09/08/2016,"1,338.35"
09/07/2016,"1,345.24"
09/06/2016,"1,349.88"
09/05/2016,"1,327.08"
09/02/2016,"1,325.01"
09/01/2016,"1,313.79"
08/31/2016,"1,308.95"
08/30/2016,"1,311.15"
08/29/2016,"1,323.41"
08/26/2016,"1,321.33"
08/25/2016,"1,321.70"
08/24/2016,"1,323.75"
08/23/2016,"1,338.10"
08/22/2016,"1,339.02"
08/19/2016,"1,341.78"
08/18/2016,"1,352.34"
08/17/2016,"1,348.66"
08/16/2016,"1,346.08"
08/15/2016,"1,339.36"
08/12/2016,"1,336.19"
08/11/2016,"1,338.87"
08/10/2016,"1,346.67"
08/09/2016,"1,340.75"
08/08/2016,"1,335.38"
08/05/2016,"1,335.80"
08/04/2016,"1,361.20"
08/03/2016,"1,357.90"
08/02/2016,"1,363.68"
08/01/2016,"1,353.21"
07/29/2016,"1,350.91"
07/28/2016,"1,335.79"
07/27/2016,"1,339.86"
07/26/2016,"1,320.32"
07/25/2016,"1,315.56"
07/22/2016,"1,322.38"
07/21/2016,"1,331.09"
07/20/2016,"1,315.95"
07/19/2016,"1,332.13"
07/18/2016,"1,328.79"
07/15/2016,"1,337.85"
07/14/2016,"1,335.10"
07/13/2016,"1,342.85"
07/12/2016,"1,331.65"
07/11/2016,"1,355.25"
07/08/2016,"1,366.80"
07/07/2016,"1,360.60"
07/06/2016,"1,363.89"
07/05/2016,"1,356.14"
07/04/2016,"1,350.78"
07/01/2016,"1,342.30"
06/30/2016,"1,322.18"
06/29/2016,"1,318.89"
06/28/2016,"1,312.51"
06/27/2016,"1,324.80"
06/24/2016,"1,315.98"
06/23/2016,"1,255.65"
06/22/2016,"1,266.31"
06/21/2016,"1,268.44"
06/20/2016,"1,290.15"
06/17/2016,"1,298.60"
06/16/2016,"1,279.14"
06/15/2016,"1,291.49"
06/14/2016,"1,285.85"
06/13/2016,"1,284.05"
06/10/2016,"1,274.20"
06/09/2016,"1,269.15"
06/08/2016,"1,262.14"
06/07/2016,"1,243.85"
06/06/2016,"1,245.24"
06/03/2016,"1,244.49"
06/02/2016,"1,210.95"
06/01/2016,"1,213.35"
05/31/2016,"1,215.24"
05/30/2016,"1,205.58"
05/27/2016,"1,212.40"
05/26/2016,"1,220.15"
05/25/2016,"1,224.18"
05/24/2016,"1,227.00"
05/23/2016,"1,249.24"
05/20/2016,"1,252.30"
05/19/2016,"1,255.10"
05/18/2016,"1,258.30"
05/17/2016,"1,280.00"
05/16/2016,"1,273.86"
05/13/2016,"1,273.60"
05/12/2016,"1,263.49"
05/11/2016,"1,277.69"
05/10/2016,"1,266.40"
05/09/2016,"1,263.85"
05/06/2016,"1,288.70"
05/05/2016,"1,278.05"
05/04/2016,"1,279.49"
05/03/2016,"1,286.00"
05/02/2016,"1,291.60"
04/29/2016,"1,293.74"
04/28/2016,"1,266.48"
04/27/2016,"1,246.10"
04/26/2016,"1,243.44"
04/25/2016,"1,237.90"
04/22/2016,"1,232.30"
04/21/2016,"1,248.85"
04/20/2016,"1,244.05"
04/19/2016,"1,250.50"
04/18/2016,"1,231.55"
04/15/2016,"1,234.05"
04/14/2016,"1,227.39"
04/13/2016,"1,243.14"
04/12/2016,"1,255.94"
04/11/2016,"1,257.95"
04/08/2016,"1,240.39"
04/07/2016,"1,240.69"
04/06/2016,"1,222.35"
04/05/2016,"1,231.14"
04/04/2016,"1,215.40"
04/01/2016,"1,222.49"
03/31/2016,"1,232.70"
03/30/2016,"1,224.85"
03/29/2016,"1,242.55"
03/28/2016,"1,221.05"
03/25/2016,"1,216.47"
03/24/2016,"1,216.99"
03/23/2016,"1,220.17"
03/22/2016,"1,248.38"
03/21/2016,"1,243.74"
03/18/2016,"1,255.30"
03/17/2016,"1,257.90"
03/16/2016,"1,263.08"
03/15/2016,"1,232.38"
03/14/2016,"1,235.28"
03/11/2016,"1,248.44"
03/10/2016,"1,271.44"
03/09/2016,"1,252.94"
03/08/2016,"1,261.10"
03/07/2016,"1,267.39"
03/04/2016,"1,259.44"
03/03/2016,"1,263.69"
03/02/2016,"1,240.30"
03/01/2016,"1,232.26"
02/29/2016,"1,238.14"
02/26/2016,"1,222.60"
02/25/2016,"1,234.64"
02/24/2016,"1,229.35"
02/23/2016,"1,227.46"
02/22/2016,"1,208.74"
02/19/2016,"1,228.19"
02/18/2016,"1,232.35"
02/17/2016,"1,209.14"
02/16/2016,"1,200.35"
02/15/2016,"1,209.95"
02/12/2016,"1,238.05"
02/11/2016,"1,246.89"
02/10/2016,"1,197.49"
02/09/2016,"1,188.85"
02/08/2016,"1,191.14"
02/05/2016,"1,173.69"
02/04/2016,"1,155.74"
02/03/2016,"1,142.93"
02/02/2016,"1,129.12"
02/01/2016,"1,128.85"
01/29/2016,"1,118.04"
01/28/2016,"1,115.14"
01/27/2016,"1,125.59"
01/26/2016,"1,120.57"
01/25/2016,"1,108.05"
01/22/2016,"1,098.30"
01/21/2016,"1,101.60"
01/20/2016,"1,101.02"
01/19/2016,"1,087.12"
01/18/2016,"1,088.90"
01/15/2016,"1,089.10"
01/14/2016,"1,078.00"
01/13/2016,"1,093.49"
01/12/2016,"1,087.05"
01/11/2016,"1,094.26"
01/08/2016,"1,104.24"
01/07/2016,"1,109.25"
01/06/2016,"1,094.45"
01/05/2016,"1,077.66"
01/04/2016,"1,074.70"
12/31/2015,"1,061.30"
12/30/2015,"1,061.45"
12/29/2015,"1,068.99"
12/28/2015,"1,069.05"
12/25/2015,"1,075.88"
12/24/2015,"1,075.88"
12/23/2015,"1,070.35"
12/22/2015,"1,072.36"
12/21/2015,"1,078.44"
12/18/2015,"1,066.19"
12/17/2015,"1,051.74"
12/16/2015,"1,072.94"
12/15/2015,"1,060.74"
12/14/2015,"1,062.90"
12/11/2015,"1,074.89"
12/10/2015,"1,071.54"
12/09/2015,"1,073.21"
12/08/2015,"1,074.69"
12/07/2015,"1,070.39"
12/04/2015,"1,086.99"
12/03/2015,"1,062.57"
12/02/2015,"1,053.69"
12/01/2015,"1,069.49"
11/30/2015,"1,064.42"
11/27/2015,"1,058.81"
11/26/2015,"1,072.25"
11/25/2015,"1,071.39"
11/24/2015,"1,075.49"
11/23/2015,"1,069.34"
11/20/2015,"1,078.10"
11/19/2015,"1,082.40"
11/18/2015,"1,071.14"
11/17/2015,"1,070.37"
11/16/2015,"1,082.85"
11/13/2015,"1,083.64"
11/12/2015,"1,085.05"
11/11/2015,"1,086.14"
11/10/2015,"1,089.91"
11/09/2015,"1,092.10"
11/06/2015,"1,088.64"
11/05/2015,"1,103.95"
11/04/2015,"1,107.44"
11/03/2015,"1,117.60"
11/02/2015,"1,133.75"
10/30/2015,"1,142.38"
10/29/2015,"1,145.91"
10/28/2015,"1,156.10"
10/27/2015,"1,166.95"
10/26/2015,"1,163.20"
10/23/2015,"1,164.26"
10/22/2015,"1,166.05"
10/21/2015,"1,167.10"
10/20/2015,"1,176.11"
10/19/2015,"1,170.45"
10/16/2015,"1,177.20"
10/15/2015,"1,183.11"
10/14/2015,"1,185.19"
10/13/2015,"1,168.80"
10/12/2015,"1,164.00"
10/09/2015,"1,157.53"
10/08/2015,"1,138.96"
10/07/2015,"1,145.40"
10/06/2015,"1,147.11"
10/05/2015,"1,135.75"
10/02/2015,"1,138.14"
10/01/2015,"1,113.55"
09/30/2015,"1,115.00"
09/29/2015,"1,127.46"
09/28/2015,"1,132.05"
09/25/2015,"1,146.24"
09/24/2015,"1,154.01"
09/23/2015,"1,130.40"
09/22/2015,"1,124.80"
09/21/2015,"1,133.30"
09/18/2015,"1,139.40"
09/17/2015,"1,131.40"
09/16/2015,"1,119.55"
09/15/2015,"1,105.40"
09/14/2015,"1,108.80"
09/11/2015,"1,107.90"
09/10/2015,"1,111.55"
09/09/2015,"1,106.10"
09/08/2015,"1,121.80"
09/07/2015,"1,119.47"
09/04/2015,"1,123.00"
09/03/2015,"1,125.25"
09/02/2015,"1,134.05"
09/01/2015,"1,140.11"
08/31/2015,"1,134.50"
08/28/2015,"1,133.96"
08/27/2015,"1,125.71"
08/26/2015,"1,125.55"
08/25/2015,"1,140.65"
08/24/2015,"1,155.05"
08/21/2015,"1,161.05"
08/20/2015,"1,153.16"
08/19/2015,"1,134.46"
08/18/2015,"1,118.01"
08/17/2015,"1,117.66"
08/14/2015,"1,114.11"
08/13/2015,"1,115.05"
08/12/2015,"1,125.30"
08/11/2015,"1,109.01"
08/10/2015,"1,104.51"
08/07/2015,"1,094.20"
08/06/2015,"1,089.41"
08/05/2015,"1,085.05"
08/04/2015,"1,087.45"
08/03/2015,"1,086.50"
07/31/2015,"1,095.65"
07/30/2015,"1,088.99"
07/29/2015,"1,096.69"
07/28/2015,"1,095.35"
07/27/2015,"1,094.42"
07/24/2015,"1,099.10"
07/23/2015,"1,090.80"
07/22/2015,"1,093.45"
07/21/2015,"1,101.41"
07/20/2015,"1,096.95"
07/17/2015,"1,134.10"
07/16/2015,"1,145.15"
07/15/2015,"1,149.65"
07/14/2015,"1,155.53"
07/13/2015,"1,158.00"
07/10/2015,"1,163.96"
07/09/2015,"1,159.65"
07/08/2015,"1,158.28"
07/07/2015,"1,155.55"
07/06/2015,"1,170.15"
07/03/2015,"1,167.94"
07/02/2015,"1,166.15"
07/01/2015,"1,168.80"
06/30/2015,"1,172.60"
06/29/2015,"1,180.36"
06/26/2015,"1,175.07"
06/25/2015,"1,173.33"
06/24/2015,"1,175.20"
06/23/2015,"1,178.44"
06/22/2015,"1,185.45"
06/19/2015,"1,200.51"
06/18/2015,"1,201.42"
06/17/2015,"1,185.45"
06/16/2015,"1,181.86"
06/15/2015,"1,186.40"
06/12/2015,"1,180.80"
06/11/2015,"1,182.30"
06/10/2015,"1,186.48"
06/09/2015,"1,176.70"
06/08/2015,"1,173.95"
06/05/2015,"1,172.00"
06/04/2015,"1,176.26"
06/03/2015,"1,185.50"
06/02/2015,"1,193.38"
06/01/2015,"1,189.15"
05/29/2015,"1,190.50"
05/28/2015,"1,188.45"
05/27/2015,"1,188.15"
05/26/2015,"1,187.30"
05/25/2015,"1,207.17"
05/22/2015,"1,206.38"
05/21/2015,"1,206.45"
05/20/2015,"1,209.28"
05/19/2015,"1,207.51"
05/18/2015,"1,225.74"
05/15/2015,"1,223.85"
05/14/2015,"1,221.52"
05/13/2015,"1,215.73"
05/12/2015,"1,193.50"
05/11/2015,"1,184.20"
05/08/2015,"1,188.15"
05/07/2015,"1,184.80"
05/06/2015,"1,191.80"
05/05/2015,"1,193.33"
05/04/2015,"1,188.25"
05/01/2015,"1,178.50"
04/30/2015,"1,184.37"
04/29/2015,"1,204.80"
04/28/2015,"1,212.10"
04/27/2015,"1,202.00"
04/24/2015,"1,179.38"
04/23/2015,"1,194.00"
04/22/2015,"1,187.30"
04/21/2015,"1,202.68"
04/20/2015,"1,196.50"
04/17/2015,"1,204.65"
04/16/2015,"1,197.65"
04/15/2015,"1,202.05"
04/14/2015,"1,193.58"
04/13/2015,"1,198.85"
04/10/2015,"1,208.05"
04/09/2015,"1,195.01"
04/08/2015,"1,202.80"
04/07/2015,"1,208.60"
04/06/2015,"1,214.70"
04/03/2015,"1,210.90"
04/02/2015,"1,202.59"
04/01/2015,"1,204.10"
03/31/2015,"1,183.50"
03/30/2015,"1,186.20"
03/27/2015,"1,199.30"
03/26/2015,"1,204.38"
03/25/2015,"1,195.45"
03/24/2015,"1,193.13"
03/23/2015,"1,189.30"
03/20/2015,"1,182.68"
03/19/2015,"1,171.30"
03/18/2015,"1,167.25"
03/17/2015,"1,149.30"
03/16/2015,"1,154.59"
03/13/2015,"1,159.48"
03/12/2015,"1,153.70"
03/11/2015,"1,154.80"
03/10/2015,"1,161.93"
03/09/2015,"1,167.30"
03/06/2015,"1,167.21"
03/05/2015,"1,198.60"
03/04/2015,"1,199.85"
03/03/2015,"1,203.80"
03/02/2015,"1,207.10"
02/27/2015,"1,213.15"
02/26/2015,"1,209.05"
02/25/2015,"1,204.80"
02/24/2015,"1,199.89"
02/23/2015,"1,201.92"
02/20/2015,"1,202.39"
02/19/2015,"1,207.45"
02/18/2015,"1,212.99"
02/17/2015,"1,209.40"
02/16/2015,"1,231.47"
02/13/2015,"1,229.70"
02/12/2015,"1,222.50"
02/11/2015,"1,219.16"
02/10/2015,"1,234.00"
02/09/2015,"1,239.68"
02/06/2015,"1,233.72"
02/05/2015,"1,264.70"
02/04/2015,"1,270.05"
02/03/2015,"1,260.20"
02/02/2015,"1,275.44"
01/30/2015,"1,283.55"
01/29/2015,"1,257.25"
01/28/2015,"1,285.10"
01/27/2015,"1,292.35"
01/26/2015,"1,281.24"
01/23/2015,"1,294.55"
01/22/2015,"1,301.73"
01/21/2015,"1,293.44"
01/20/2015,"1,293.94"
01/19/2015,"1,277.08"
01/16/2015,"1,280.30"
01/15/2015,"1,261.64"
01/14/2015,"1,229.95"
01/13/2015,"1,230.88"
01/12/2015,"1,233.64"
01/09/2015,"1,223.40"
01/08/2015,"1,208.98"
01/07/2015,"1,210.80"
01/06/2015,"1,219.20"
01/05/2015,"1,204.45"
01/02/2015,"1,189.18"
01/01/2015,"1,181.97"
12/31/2014,"1,183.95"
12/30/2014,"1,200.24"
12/29/2014,"1,183.10"
12/26/2014,"1,195.40"
12/24/2014,"1,173.80"
12/23/2014,"1,175.68"
12/22/2014,"1,175.05"
12/19/2014,"1,195.95"
12/18/2014,"1,198.40"
12/17/2014,"1,188.70"
12/16/2014,"1,196.60"
12/15/2014,"1,192.60"
12/12/2014,"1,222.60"
12/11/2014,"1,227.95"
12/10/2014,"1,226.75"
12/09/2014,"1,230.85"
12/08/2014,"1,203.20"
12/05/2014,"1,192.05"
12/04/2014,"1,205.78"
12/03/2014,"1,209.64"
12/02/2014,"1,199.01"
12/01/2014,"1,210.90"
11/28/2014,"1,167.35"
11/27/2014,"1,191.75"
11/26/2014,"1,197.90"
11/25/2014,"1,201.19"
11/24/2014,"1,197.40"
11/21/2014,"1,201.40"
11/20/2014,"1,193.75"
11/19/2014,"1,183.30"
11/18/2014,"1,197.55"
11/17/2014,"1,186.55"
11/14/2014,"1,188.25"
11/13/2014,"1,161.96"
11/12/2014,"1,160.92"
11/11/2014,"1,164.80"
11/10/2014,"1,150.60"
11/07/2014,"1,176.65"
11/06/2014,"1,141.20"
11/05/2014,"1,141.40"
11/04/2014,"1,168.30"
11/03/2014,"1,165.35"
10/31/2014,"1,174.42"
10/30/2014,"1,198.90"
10/29/2014,"1,211.80"
10/28/2014,"1,228.40"
10/27/2014,"1,225.40"
10/24/2014,"1,231.46"
10/23/2014,"1,232.15"
10/22/2014,"1,241.03"
10/21/2014,"1,249.30"
10/20/2014,"1,246.60"
10/17/2014,"1,238.19"
10/16/2014,"1,239.10"
10/15/2014,"1,241.07"
10/14/2014,"1,232.75"
10/13/2014,"1,237.15"
10/10/2014,"1,223.48"
10/09/2014,"1,224.15"
10/08/2014,"1,221.70"
10/07/2014,"1,209.00"
10/06/2014,"1,207.15"
10/03/2014,"1,191.20"
10/02/2014,"1,213.50"
10/01/2014,"1,213.65"
09/30/2014,"1,209.24"
09/29/2014,"1,215.95"
09/26/2014,"1,219.51"
09/25/2014,"1,222.62"
09/24/2014,"1,217.05"
09/23/2014,"1,222.95"
09/22/2014,"1,215.05"
09/19/2014,"1,216.45"
09/18/2014,"1,225.45"
09/17/2014,"1,223.25"
09/16/2014,"1,235.20"
09/15/2014,"1,233.00"
09/12/2014,"1,228.63"
09/11/2014,"1,240.75"
09/10/2014,"1,248.75"
09/09/2014,"1,256.20"
09/08/2014,"1,255.70"
09/05/2014,"1,268.85"
09/04/2014,"1,261.10"
09/03/2014,"1,269.07"
09/02/2014,"1,265.90"
09/01/2014,"1,287.30"
08/29/2014,"1,287.57"
08/28/2014,"1,290.00"
08/27/2014,"1,282.95"
08/26/2014,"1,280.90"
08/25/2014,"1,276.60"
08/22/2014,"1,281.23"
08/21/2014,"1,277.25"
08/20/2014,"1,292.15"
08/19/2014,"1,295.50"
08/18/2014,"1,297.46"
08/15/2014,"1,304.60"
08/14/2014,"1,313.24"
08/13/2014,"1,312.86"
08/12/2014,"1,308.60"
08/11/2014,"1,308.10"
08/08/2014,"1,309.60"
08/07/2014,"1,313.55"
08/06/2014,"1,306.25"
08/05/2014,"1,288.00"
08/04/2014,"1,288.35"
08/01/2014,"1,294.10"
07/31/2014,"1,282.35"
07/30/2014,"1,295.05"
07/29/2014,"1,298.75"
07/28/2014,"1,304.25"
07/25/2014,"1,308.05"
07/24/2014,"1,293.35"
07/23/2014,"1,304.15"
07/22/2014,"1,307.35"
07/21/2014,"1,311.90"
07/18/2014,"1,310.90"
07/17/2014,"1,318.25"
07/16/2014,"1,299.37"
07/15/2014,"1,294.45"
07/14/2014,"1,307.15"
07/11/2014,"1,338.15"
07/10/2014,"1,335.55"
07/09/2014,"1,326.70"
07/08/2014,"1,318.95"
07/07/2014,"1,320.20"
07/04/2014,"1,320.55"
07/03/2014,"1,319.80"
07/02/2014,"1,327.45"
07/01/2014,"1,325.75"
06/30/2014,"1,327.50"
06/27/2014,"1,315.35"
06/26/2014,"1,317.95"
06/25/2014,"1,319.50"
06/24/2014,"1,318.30"
06/23/2014,"1,318.10"
06/20/2014,"1,314.82"
06/19/2014,"1,320.10"
06/18/2014,"1,278.40"
06/17/2014,"1,271.50"
06/16/2014,"1,271.60"
06/13/2014,"1,277.00"
06/12/2014,"1,273.36"
06/11/2014,"1,260.74"
06/10/2014,"1,260.80"
06/09/2014,"1,252.08"
06/06/2014,"1,252.73"
06/05/2014,"1,253.60"
06/04/2014,"1,243.80"
06/03/2014,"1,244.65"
06/02/2014,"1,244.35"
05/30/2014,"1,251.05"
05/29/2014,"1,256.05"
05/28/2014,"1,258.50"
05/27/2014,"1,263.70"
05/26/2014,"1,293.05"
05/23/2014,"1,293.11"
05/22/2014,"1,293.85"
05/21/2014,"1,291.85"
05/20/2014,"1,294.25"
05/19/2014,"1,291.95"
05/16/2014,"1,293.70"
05/15/2014,"1,296.35"
05/14/2014,"1,305.60"
05/13/2014,"1,293.35"
05/12/2014,"1,295.80"
05/09/2014,"1,289.33"
05/08/2014,"1,289.60"
05/07/2014,"1,289.55"
05/06/2014,"1,307.65"
05/05/2014,"1,309.85"
05/02/2014,"1,300.32"
05/01/2014,"1,284.10"
04/30/2014,"1,291.90"
04/29/2014,"1,296.48"
04/28/2014,"1,296.10"
04/25/2014,"1,303.45"
04/24/2014,"1,293.85"
04/23/2014,"1,283.90"
04/22/2014,"1,283.50"
04/21/2014,"1,290.15"
04/18/2014,"1,293.78"
04/17/2014,"1,294.85"
04/16/2014,"1,302.80"
04/15/2014,"1,302.65"
04/14/2014,"1,326.40"
04/11/2014,"1,318.47"
04/10/2014,"1,318.92"
04/09/2014,"1,311.90"
04/08/2014,"1,308.72"
04/07/2014,"1,296.65"
04/04/2014,"1,302.70"
04/03/2014,"1,287.30"
04/02/2014,"1,289.80"
04/01/2014,"1,279.15"
03/31/2014,"1,284.25"
03/28/2014,"1,294.00"
03/27/2014,"1,291.14"
03/26/2014,"1,304.10"
03/25/2014,"1,311.05"
03/24/2014,"1,309.62"
03/21/2014,"1,334.55"
03/20/2014,"1,328.50"
03/19/2014,"1,331.45"
03/18/2014,"1,356.25"
03/17/2014,"1,366.95"
03/14/2014,"1,382.24"
03/13/2014,"1,370.60"
03/12/2014,"1,367.08"
03/11/2014,"1,349.95"
03/10/2014,"1,339.15"
03/07/2014,"1,340.25"
03/06/2014,"1,351.35"
03/05/2014,"1,337.39"
03/04/2014,"1,334.90"
03/03/2014,"1,350.90"
02/28/2014,"1,326.40"
02/27/2014,"1,331.44"
02/26/2014,"1,330.75"
02/25/2014,"1,340.75"
02/24/2014,"1,337.00"
02/21/2014,"1,323.39"
02/20/2014,"1,322.89"
02/19/2014,"1,311.80"
02/18/2014,"1,321.60"
02/17/2014,"1,329.10"
02/14/2014,"1,318.93"
02/13/2014,"1,302.70"
02/12/2014,"1,291.25"
02/11/2014,"1,291.85"
02/10/2014,"1,274.90"
02/07/2014,"1,267.06"
02/06/2014,"1,257.64"
02/05/2014,"1,258.01"
02/04/2014,"1,255.00"
02/03/2014,"1,257.64"
01/31/2014,"1,243.80"
01/30/2014,"1,243.70"
01/29/2014,"1,268.40"
01/28/2014,"1,256.55"
01/27/2014,"1,257.07"
01/24/2014,"1,269.25"
01/23/2014,"1,264.35"
01/22/2014,"1,236.49"
01/21/2014,"1,241.49"
01/20/2014,"1,254.35"
01/17/2014,"1,253.82"
01/16/2014,"1,242.55"
01/15/2014,"1,241.74"
01/14/2014,"1,245.10"
01/13/2014,"1,253.44"
01/10/2014,"1,247.10"
01/09/2014,"1,228.00"
01/08/2014,"1,226.10"
01/07/2014,"1,232.10"
01/06/2014,"1,238.05"
01/03/2014,"1,236.55"
01/02/2014,"1,224.89"
01/01/2014,"1,205.90"
12/31/2013,"1,205.55"
12/30/2013,"1,196.40"
12/27/2013,"1,213.19"
12/26/2013,"1,210.70"
12/25/2013,"1,204.70"
12/24/2013,"1,204.35"
12/23/2013,"1,198.84"
12/20/2013,"1,203.25"
12/19/2013,"1,190.10"
12/18/2013,"1,218.07"
12/17/2013,"1,230.10"
12/16/2013,"1,240.57"
12/13/2013,"1,238.30"
12/12/2013,"1,223.80"
12/11/2013,"1,251.75"
12/10/2013,"1,260.72"
12/09/2013,"1,240.94"
12/06/2013,"1,228.85"
12/05/2013,"1,224.88"
12/04/2013,"1,243.66"
12/03/2013,"1,223.89"
12/02/2013,"1,220.05"
11/29/2013,"1,253.49"
11/28/2013,"1,244.15"
11/27/2013,"1,237.40"
11/26/2013,"1,243.30"
11/25/2013,"1,252.60"
11/22/2013,"1,243.60"
11/21/2013,"1,242.75"
11/20/2013,"1,243.20"
11/19/2013,"1,275.25"
11/18/2013,"1,274.35"
11/15/2013,"1,290.05"
11/14/2013,"1,287.39"
11/13/2013,"1,278.99"
11/12/2013,"1,267.99"
11/11/2013,"1,283.28"
11/08/2013,"1,288.20"
11/07/2013,"1,307.95"
11/06/2013,"1,318.40"
11/05/2013,"1,311.60"
11/04/2013,"1,314.74"
11/01/2013,"1,315.35"
10/31/2013,"1,323.80"
10/30/2013,"1,342.80"
10/29/2013,"1,344.30"
10/28/2013,"1,352.20"
10/25/2013,"1,352.13"
10/24/2013,"1,347.15"
10/23/2013,"1,332.35"
10/22/2013,"1,340.65"
10/21/2013,"1,315.75"
10/18/2013,"1,316.24"
10/17/2013,"1,319.70"
10/16/2013,"1,281.60"
10/15/2013,"1,280.80"
10/14/2013,"1,273.40"
10/11/2013,"1,273.11"
10/10/2013,"1,286.24"
10/09/2013,"1,307.20"
10/08/2013,"1,318.80"
10/07/2013,"1,321.79"
10/04/2013,"1,311.35"
10/03/2013,"1,317.30"
10/02/2013,"1,315.25"
10/01/2013,"1,286.60"
09/30/2013,"1,327.55"
09/27/2013,"1,336.20"
09/26/2013,"1,323.70"
09/25/2013,"1,333.60"
09/24/2013,"1,323.20"
09/23/2013,"1,322.15"
09/20/2013,"1,325.38"
09/19/2013,"1,365.00"
09/18/2013,"1,365.15"
09/17/2013,"1,309.65"
09/16/2013,"1,314.00"
09/13/2013,"1,326.72"
09/12/2013,"1,321.05"
09/11/2013,"1,366.75"
09/10/2013,"1,364.45"
09/09/2013,"1,387.05"
09/06/2013,"1,391.61"
09/05/2013,"1,367.85"
09/04/2013,"1,391.45"
09/03/2013,"1,412.65"
09/02/2013,"1,394.90"
08/30/2013,"1,396.40"
08/29/2013,"1,408.25"
08/28/2013,"1,418.50"
08/27/2013,"1,416.65"
08/26/2013,"1,404.90"
08/23/2013,"1,396.85"
08/22/2013,"1,375.85"
08/21/2013,"1,366.35"
08/20/2013,"1,371.17"
08/19/2013,"1,365.98"
08/16/2013,"1,376.40"
08/15/2013,"1,366.05"
08/14/2013,"1,335.20"
08/13/2013,"1,321.30"
08/12/2013,"1,336.40"
08/09/2013,"1,314.50"
08/08/2013,"1,312.00"
08/07/2013,"1,287.75"
08/06/2013,"1,281.90"
08/05/2013,"1,303.95"
08/02/2013,"1,312.00"
08/01/2013,"1,308.95"
07/31/2013,"1,323.10"
07/30/2013,"1,327.30"
07/29/2013,"1,327.60"
07/26/2013,"1,333.90"
07/25/2013,"1,333.65"
07/24/2013,"1,321.30"
07/23/2013,"1,348.10"
07/22/2013,"1,335.90"
07/19/2013,"1,296.35"
07/18/2013,"1,285.10"
07/17/2013,"1,276.00"
07/16/2013,"1,292.60"
07/15/2013,"1,282.60"
07/12/2013,"1,284.90"
07/11/2013,"1,285.30"
07/10/2013,"1,264.25"
07/09/2013,"1,249.95"
07/08/2013,"1,237.00"
07/05/2013,"1,223.80"
07/04/2013,"1,250.30"
07/03/2013,"1,252.30"
07/02/2013,"1,242.50"
07/01/2013,"1,253.30"
06/28/2013,"1,234.25"
06/27/2013,"1,200.75"
06/26/2013,"1,226.35"
06/25/2013,"1,277.35"
06/24/2013,"1,281.90"
06/21/2013,"1,297.25"
06/20/2013,"1,278.00"
06/19/2013,"1,351.30"
06/18/2013,"1,368.40"
06/17/2013,"1,384.85"
06/14/2013,"1,390.70"
06/13/2013,"1,386.05"
06/12/2013,"1,388.40"
06/11/2013,"1,379.60"
06/10/2013,"1,386.90"
06/07/2013,"1,384.47"
06/06/2013,"1,413.65"
06/05/2013,"1,403.30"
06/04/2013,"1,399.90"
06/03/2013,"1,411.60"
05/31/2013,"1,386.90"
05/30/2013,"1,413.75"
05/29/2013,"1,392.95"
05/28/2013,"1,380.85"
05/27/2013,"1,394.78"
05/24/2013,"1,386.05"
05/23/2013,"1,391.20"
05/22/2013,"1,369.40"
05/21/2013,"1,376.30"
05/20/2013,"1,394.15"
05/17/2013,"1,359.20"
05/16/2013,"1,386.30"
05/15/2013,"1,392.90"
05/14/2013,"1,426.00"
05/13/2013,"1,430.55"
05/10/2013,"1,448.20"
05/09/2013,"1,458.20"
05/08/2013,"1,472.80"
05/07/2013,"1,452.60"
05/06/2013,"1,469.50"
05/03/2013,"1,470.70"
05/02/2013,"1,467.10"
05/01/2013,"1,457.60"
04/30/2013,"1,477.10"
04/29/2013,"1,476.65"
04/26/2013,"1,463.00"
04/25/2013,"1,467.85"
04/24/2013,"1,431.30"
04/23/2013,"1,413.35"
04/22/2013,"1,426.25"
04/19/2013,"1,404.35"
04/18/2013,"1,391.25"
04/17/2013,"1,377.00"
04/16/2013,"1,368.90"
04/15/2013,"1,353.25"
04/12/2013,"1,478.85"
04/11/2013,"1,561.35"
04/10/2013,"1,558.75"
04/09/2013,"1,585.20"
04/08/2013,"1,573.70"
04/05/2013,"1,582.00"
04/04/2013,"1,553.32"
04/03/2013,"1,557.85"
04/02/2013,"1,575.85"
04/01/2013,"1,598.90"
03/28/2013,"1,596.74"
03/27/2013,"1,605.40"
03/26/2013,"1,599.20"
03/25/2013,"1,605.40"
03/22/2013,"1,608.45"
03/21/2013,"1,614.70"
03/20/2013,"1,606.50"
03/19/2013,"1,613.40"
03/18/2013,"1,605.30"
03/15/2013,"1,592.45"
03/14/2013,"1,590.30"
03/13/2013,"1,587.80"
03/12/2013,"1,592.70"
03/11/2013,"1,581.00"
03/08/2013,"1,578.35"
03/07/2013,"1,578.90"
03/06/2013,"1,583.69"
03/05/2013,"1,575.44"
03/04/2013,"1,573.95"
03/01/2013,"1,575.24"
02/28/2013,"1,580.14"
02/27/2013,"1,597.60"
02/26/2013,"1,613.49"
02/25/2013,"1,594.24"
02/22/2013,"1,580.70"
02/21/2013,"1,576.05"
02/20/2013,"1,562.90"
02/19/2013,"1,604.60"
02/18/2013,"1,610.05"
02/15/2013,"1,609.44"
02/14/2013,"1,634.85"
02/13/2013,"1,642.74"
02/12/2013,"1,650.80"
02/11/2013,"1,649.74"
02/08/2013,"1,667.50"
02/07/2013,"1,671.30"
02/06/2013,"1,677.49"
02/05/2013,"1,673.00"
02/04/2013,"1,674.40"
02/01/2013,"1,667.15"
01/31/2013,"1,663.60"
01/30/2013,"1,677.10"
01/29/2013,"1,663.85"
01/28/2013,"1,654.95"
01/25/2013,"1,658.69"
01/24/2013,"1,667.74"
01/23/2013,"1,685.75"
01/22/2013,"1,692.10"
01/21/2013,"1,690.05"
01/18/2013,"1,683.95"
01/17/2013,"1,687.64"
01/16/2013,"1,679.50"
01/15/2013,"1,678.90"
01/14/2013,"1,667.20"
01/11/2013,"1,663.05"
01/10/2013,"1,675.25"
01/09/2013,"1,657.90"
01/08/2013,"1,659.00"
01/07/2013,"1,647.25"
01/04/2013,"1,656.85"
01/03/2013,"1,663.35"
01/02/2013,"1,686.75"
01/01/2013,"1,675.15"
