Date,MSCI
12/31/2024,"3,707.84"
12/30/2024,"3,718.94"
12/27/2024,"3,755.36"
12/26/2024,"3,778.70"
12/24/2024,"3,777.89"
12/23/2024,"3,745.13"
12/20/2024,"3,723.22"
12/19/2024,"3,696.05"
12/18/2024,"3,720.41"
12/17/2024,"3,812.07"
12/16/2024,"3,826.99"
12/13/2024,"3,817.24"
12/12/2024,"3,826.08"
12/11/2024,"3,842.39"
12/10/2024,"3,816.76"
12/09/2024,"3,837.63"
12/06/2024,"3,855.07"
12/05/2024,"3,848.48"
12/04/2024,"3,849.72"
12/03/2024,"3,830.12"
12/02/2024,"3,817.72"
11/29/2024,"3,810.14"
11/28/2024,"3,789.28"
11/27/2024,"3,786.04"
11/26/2024,"3,790.31"
11/25/2024,"3,781.79"
11/22/2024,"3,765.96"
11/21/2024,"3,753.51"
11/20/2024,"3,732.77"
11/19/2024,"3,738.95"
11/18/2024,"3,723.36"
11/15/2024,"3,710.50"
11/14/2024,"3,752.70"
11/13/2024,"3,767.05"
11/12/2024,"3,773.23"
11/11/2024,"3,795.30"
11/08/2024,"3,791.23"
11/07/2024,"3,787.27"
11/06/2024,"3,752.15"
11/05/2024,"3,692.96"
11/04/2024,"3,656.14"
11/01/2024,"3,660.03"
10/31/2024,"3,647.14"
10/30/2024,"3,706.29"
10/29/2024,"3,717.86"
10/28/2024,"3,716.61"
10/25/2024,"3,705.81"
10/24/2024,"3,707.18"
10/23/2024,"3,697.60"
10/22/2024,"3,731.32"
10/21/2024,"3,740.27"
10/18/2024,"3,753.04"
10/17/2024,"3,737.87"
10/16/2024,"3,735.29"
10/15/2024,"3,728.40"
10/14/2024,"3,753.49"
10/11/2024,"3,731.93"
10/10/2024,"3,710.71"
10/09/2024,"3,716.17"
10/08/2024,"3,694.30"
10/07/2024,"3,678.75"
10/04/2024,"3,698.41"
10/03/2024,"3,675.89"
10/02/2024,"3,685.92"
10/01/2024,"3,693.50"
09/30/2024,"3,723.03"
09/27/2024,"3,726.80"
09/26/2024,"3,720.51"
09/25/2024,"3,695.89"
09/24/2024,"3,702.33"
09/23/2024,"3,688.33"
09/20/2024,"3,676.84"
09/19/2024,"3,689.52"
09/18/2024,"3,629.69"
09/17/2024,"3,640.50"
09/16/2024,"3,640.73"
09/13/2024,"3,634.86"
09/12/2024,"3,611.30"
09/11/2024,"3,578.65"
09/10/2024,"3,552.03"
09/09/2024,"3,546.40"
09/06/2024,"3,518.58"
09/05/2024,"3,567.49"
09/04/2024,"3,580.06"
09/03/2024,"3,595.44"
09/02/2024,"3,659.44"
08/30/2024,"3,661.24"
08/29/2024,"3,632.15"
08/28/2024,"3,631.20"
08/27/2024,"3,647.30"
08/26/2024,"3,641.81"
08/23/2024,"3,649.56"
08/22/2024,"3,607.63"
08/21/2024,"3,630.66"
08/20/2024,"3,615.77"
08/19/2024,"3,618.41"
08/16/2024,"3,584.19"
08/15/2024,"3,568.10"
08/14/2024,"3,522.42"
08/13/2024,"3,501.91"
08/12/2024,"3,446.33"
08/09/2024,"3,447.75"
08/08/2024,"3,427.78"
08/07/2024,"3,372.32"
08/06/2024,"3,380.91"
08/05/2024,"3,342.73"
08/02/2024,"3,448.80"
08/01/2024,"3,518.01"
07/31/2024,"3,571.57"
07/30/2024,"3,514.37"
07/29/2024,"3,526.51"
07/26/2024,"3,524.08"
07/25/2024,"3,490.82"
07/24/2024,"3,515.97"
07/23/2024,"3,580.87"
07/22/2024,"3,584.66"
07/19/2024,"3,553.76"
07/18/2024,"3,579.84"
07/17/2024,"3,607.74"
07/16/2024,"3,642.95"
07/15/2024,"3,629.58"
07/12/2024,"3,627.52"
07/11/2024,"3,606.15"
07/10/2024,"3,613.61"
07/09/2024,"3,579.33"
07/08/2024,"3,582.70"
07/05/2024,"3,580.90"
07/04/2024,"3,569.36"
07/03/2024,"3,562.23"
07/02/2024,"3,537.51"
07/01/2024,"3,520.04"
06/28/2024,"3,511.78"
06/27/2024,"3,521.90"
06/26/2024,"3,520.21"
06/25/2024,"3,520.73"
06/24/2024,"3,508.95"
06/21/2024,"3,507.81"
06/20/2024,"3,519.68"
06/19/2024,"3,523.66"
06/18/2024,"3,522.68"
06/17/2024,"3,508.25"
06/14/2024,"3,492.05"
06/13/2024,"3,504.47"
06/12/2024,"3,516.30"
06/11/2024,"3,479.94"
06/10/2024,"3,482.22"
06/07/2024,"3,478.70"
06/06/2024,"3,489.89"
06/05/2024,"3,483.40"
06/04/2024,"3,453.71"
06/03/2024,"3,453.44"
05/31/2024,"3,445.17"
05/30/2024,"3,420.32"
05/29/2024,"3,430.00"
05/28/2024,"3,464.61"
05/27/2024,"3,468.13"
05/24/2024,"3,462.13"
05/23/2024,"3,446.42"
05/22/2024,"3,465.55"
05/21/2024,"3,479.84"
05/20/2024,"3,477.07"
05/17/2024,"3,472.52"
05/16/2024,"3,468.71"
05/15/2024,"3,472.26"
05/14/2024,"3,435.15"
05/13/2024,"3,421.11"
05/10/2024,"3,419.92"
05/09/2024,"3,411.11"
05/08/2024,"3,395.64"
05/07/2024,"3,401.77"
05/06/2024,"3,391.13"
05/03/2024,"3,361.41"
05/02/2024,"3,321.81"
05/01/2024,"3,294.01"
04/30/2024,"3,305.30"
04/29/2024,"3,347.04"
04/26/2024,"3,335.08"
04/25/2024,"3,306.68"
04/24/2024,"3,323.29"
04/23/2024,"3,322.54"
04/22/2024,"3,282.09"
04/19/2024,"3,255.62"
04/18/2024,"3,280.10"
04/17/2024,"3,281.11"
04/16/2024,"3,297.14"
04/15/2024,"3,317.68"
04/12/2024,"3,351.01"
04/11/2024,"3,391.01"
04/10/2024,"3,379.72"
04/09/2024,"3,412.09"
04/08/2024,"3,408.57"
04/05/2024,"3,402.36"
04/04/2024,"3,386.31"
04/03/2024,"3,409.62"
04/02/2024,"3,403.40"
04/01/2024,"3,424.73"
03/28/2024,"3,436.78"
03/27/2024,"3,436.98"
03/26/2024,"3,414.29"
03/25/2024,"3,420.18"
03/22/2024,"3,428.12"
03/21/2024,"3,434.69"
03/20/2024,"3,414.89"
03/19/2024,"3,393.37"
03/18/2024,"3,380.67"
03/15/2024,"3,363.03"
03/14/2024,"3,382.48"
03/13/2024,"3,396.19"
03/12/2024,"3,397.25"
03/11/2024,"3,367.08"
03/08/2024,"3,380.14"
03/07/2024,"3,391.26"
03/06/2024,"3,357.03"
03/05/2024,"3,337.20"
03/04/2024,"3,362.28"
03/01/2024,"3,364.04"
02/29/2024,"3,337.20"
02/28/2024,"3,322.64"
02/27/2024,"3,331.88"
02/26/2024,"3,325.79"
02/23/2024,"3,334.04"
02/22/2024,"3,329.86"
02/21/2024,"3,272.19"
02/20/2024,"3,274.33"
02/19/2024,"3,286.86"
02/16/2024,"3,285.12"
02/15/2024,"3,289.74"
02/14/2024,"3,265.67"
02/13/2024,"3,240.26"
02/12/2024,"3,281.01"
02/09/2024,"3,281.42"
02/08/2024,"3,266.14"
02/07/2024,"3,265.07"
02/06/2024,"3,244.51"
02/05/2024,"3,233.53"
02/02/2024,"3,247.64"
02/01/2024,"3,226.80"
01/31/2024,"3,205.32"
01/30/2024,"3,236.76"
01/29/2024,"3,236.32"
01/26/2024,"3,216.23"
01/25/2024,"3,212.32"
01/24/2024,"3,203.55"
01/23/2024,"3,190.90"
01/22/2024,"3,189.10"
01/19/2024,"3,175.36"
01/18/2024,"3,143.20"
01/17/2024,"3,120.44"
01/16/2024,"3,146.04"
01/15/2024,"3,165.14"
01/12/2024,"3,168.31"
01/11/2024,"3,157.32"
01/10/2024,"3,161.50"
01/09/2024,"3,146.97"
01/08/2024,"3,153.62"
01/05/2024,"3,120.55"
01/04/2024,"3,114.12"
01/03/2024,"3,115.68"
01/02/2024,"3,145.42"
01/01/2024,"3,169.25"
12/29/2023,"3,169.18"
12/28/2023,"3,178.05"
12/27/2023,"3,175.65"
12/26/2023,"3,162.65"
12/25/2023,"3,152.49"
12/22/2023,"3,152.26"
12/21/2023,"3,145.09"
12/20/2023,"3,121.79"
12/19/2023,"3,153.34"
12/18/2023,"3,131.35"
12/15/2023,"3,126.14"
12/14/2023,"3,128.89"
12/13/2023,"3,101.08"
12/12/2023,"3,067.44"
12/11/2023,"3,056.42"
12/08/2023,"3,047.21"
12/07/2023,"3,037.45"
12/06/2023,"3,020.98"
12/05/2023,"3,023.22"
12/04/2023,"3,026.59"
12/01/2023,"3,040.70"
11/30/2023,"3,023.63"
11/29/2023,"3,013.93"
11/28/2023,"3,012.57"
11/27/2023,"3,007.99"
11/24/2023,"3,015.19"
11/23/2023,"3,008.74"
11/22/2023,"3,004.76"
11/21/2023,"2,999.87"
11/20/2023,"3,004.88"
11/17/2023,"2,985.19"
11/16/2023,"2,973.00"
11/15/2023,"2,975.19"
11/14/2023,"2,963.36"
11/13/2023,"2,904.64"
11/10/2023,"2,900.76"
11/09/2023,"2,878.98"
11/08/2023,"2,888.41"
11/07/2023,"2,887.39"
11/06/2023,"2,889.44"
11/03/2023,"2,883.80"
11/02/2023,"2,852.55"
11/01/2023,"2,797.49"
10/31/2023,"2,768.62"
10/30/2023,"2,757.59"
10/27/2023,"2,731.99"
10/26/2023,"2,740.96"
10/25/2023,"2,772.11"
10/24/2023,"2,801.96"
10/23/2023,"2,786.75"
10/20/2023,"2,791.24"
10/19/2023,"2,824.45"
10/18/2023,"2,851.89"
10/17/2023,"2,888.62"
10/16/2023,"2,885.35"
10/13/2023,"2,862.14"
10/12/2023,"2,884.06"
10/11/2023,"2,899.50"
10/10/2023,"2,887.89"
10/09/2023,"2,858.71"
10/06/2023,"2,845.23"
10/05/2023,"2,816.43"
10/04/2023,"2,810.86"
10/03/2023,"2,799.64"
10/02/2023,"2,838.78"
09/29/2023,"2,853.24"
09/28/2023,"2,855.88"
09/27/2023,"2,840.82"
09/26/2023,"2,844.83"
09/25/2023,"2,879.79"
09/22/2023,"2,879.85"
09/21/2023,"2,886.07"
09/20/2023,"2,936.36"
09/19/2023,"2,951.17"
09/18/2023,"2,956.14"
09/15/2023,"2,960.98"
09/14/2023,"2,982.68"
09/13/2023,"2,956.84"
09/12/2023,"2,955.87"
09/11/2023,"2,969.45"
09/08/2023,"2,948.81"
09/07/2023,"2,947.11"
09/06/2023,"2,955.82"
09/05/2023,"2,973.45"
09/04/2023,"2,990.17"
09/01/2023,"2,989.51"
08/31/2023,"2,986.02"
08/30/2023,"2,991.52"
08/29/2023,"2,975.50"
08/28/2023,"2,935.71"
08/25/2023,"2,911.99"
08/24/2023,"2,906.25"
08/23/2023,"2,937.70"
08/22/2023,"2,909.19"
08/21/2023,"2,910.52"
08/18/2023,"2,897.50"
08/17/2023,"2,901.84"
08/16/2023,"2,925.63"
08/15/2023,"2,948.22"
08/14/2023,"2,976.86"
08/11/2023,"2,972.73"
08/10/2023,"2,984.81"
08/09/2023,"2,976.31"
08/08/2023,"2,988.10"
08/07/2023,"3,003.77"
08/04/2023,"2,986.54"
08/03/2023,"2,990.13"
08/02/2023,"3,000.53"
08/01/2023,"3,048.60"
07/31/2023,"3,064.30"
07/28/2023,"3,057.84"
07/27/2023,"3,034.41"
07/26/2023,"3,044.70"
07/25/2023,"3,045.39"
07/24/2023,"3,037.44"
07/21/2023,"3,028.71"
07/20/2023,"3,029.70"
07/19/2023,"3,047.99"
07/18/2023,"3,042.53"
07/17/2023,"3,021.96"
07/14/2023,"3,017.94"
07/13/2023,"3,019.71"
07/12/2023,"2,987.19"
07/11/2023,"2,953.12"
07/10/2023,"2,931.05"
07/07/2023,"2,924.19"
07/06/2023,"2,924.55"
07/05/2023,"2,960.76"
07/03/2023,"2,972.03"
06/30/2023,"2,966.72"
06/29/2023,"2,933.86"
06/28/2023,"2,924.92"
06/27/2023,"2,921.19"
06/26/2023,"2,894.93"
06/23/2023,"2,902.34"
06/22/2023,"2,930.37"
06/21/2023,"2,927.72"
06/20/2023,"2,939.54"
06/19/2023,"2,955.12"
06/16/2023,"2,962.34"
06/15/2023,"2,966.43"
06/14/2023,"2,939.59"
06/13/2023,"2,929.68"
06/12/2023,"2,906.01"
06/09/2023,"2,885.63"
06/08/2023,"2,882.13"
06/07/2023,"2,866.59"
06/06/2023,"2,877.97"
06/05/2023,"2,870.27"
06/02/2023,"2,873.37"
06/01/2023,"2,831.66"
05/31/2023,"2,800.56"
05/30/2023,"2,825.60"
05/29/2023,"2,830.43"
05/26/2023,"2,827.93"
05/25/2023,"2,796.86"
05/24/2023,"2,788.82"
05/23/2023,"2,816.85"
05/22/2023,"2,845.71"
05/19/2023,"2,842.76"
05/18/2023,"2,840.12"
05/17/2023,"2,820.92"
05/16/2023,"2,802.39"
05/15/2023,"2,819.47"
05/12/2023,"2,809.35"
05/11/2023,"2,814.86"
05/10/2023,"2,822.60"
05/09/2023,"2,815.29"
05/08/2023,"2,827.38"
05/05/2023,"2,821.99"
05/04/2023,"2,779.26"
05/03/2023,"2,796.31"
05/02/2023,"2,803.07"
05/01/2023,"2,833.60"
04/28/2023,"2,835.93"
04/27/2023,"2,815.77"
04/26/2023,"2,779.71"
04/25/2023,"2,789.54"
04/24/2023,"2,826.85"
04/21/2023,"2,823.07"
04/20/2023,"2,822.54"
04/19/2023,"2,833.39"
04/18/2023,"2,835.89"
04/17/2023,"2,827.24"
04/14/2023,"2,825.75"
04/13/2023,"2,829.20"
04/12/2023,"2,795.48"
04/11/2023,"2,797.07"
04/10/2023,"2,786.20"
04/07/2023,"2,790.38"
04/06/2023,"2,790.10"
04/05/2023,"2,784.05"
04/04/2023,"2,796.78"
04/03/2023,"2,803.63"
03/31/2023,"2,791.44"
03/30/2023,"2,759.70"
03/29/2023,"2,739.42"
03/28/2023,"2,704.76"
03/27/2023,"2,702.42"
03/24/2023,"2,692.55"
03/23/2023,"2,696.85"
03/22/2023,"2,686.13"
03/21/2023,"2,711.84"
03/20/2023,"2,678.29"
03/17/2023,"2,656.19"
03/16/2023,"2,677.99"
03/15/2023,"2,638.46"
03/14/2023,"2,674.36"
03/13/2023,"2,643.64"
03/10/2023,"2,657.41"
03/09/2023,"2,691.17"
03/08/2023,"2,725.23"
03/07/2023,"2,724.80"
03/06/2023,"2,764.64"
03/03/2023,"2,757.97"
03/02/2023,"2,719.68"
03/01/2023,"2,706.79"
02/28/2023,"2,714.57"
02/27/2023,"2,721.63"
02/24/2023,"2,706.91"
02/23/2023,"2,737.41"
02/22/2023,"2,730.88"
02/21/2023,"2,740.38"
02/20/2023,"2,783.26"
02/17/2023,"2,779.88"
02/16/2023,"2,790.63"
02/15/2023,"2,815.45"
02/14/2023,"2,812.53"
02/13/2023,"2,810.04"
02/10/2023,"2,783.91"
02/09/2023,"2,790.53"
02/08/2023,"2,801.96"
02/07/2023,"2,820.49"
02/06/2023,"2,793.59"
02/03/2023,"2,820.73"
02/02/2023,"2,847.82"
02/01/2023,"2,809.94"
01/31/2023,"2,785.00"
01/30/2023,"2,759.32"
01/27/2023,"2,785.84"
01/26/2023,"2,777.62"
01/25/2023,"2,756.73"
01/24/2023,"2,755.96"
01/23/2023,"2,754.96"
01/20/2023,"2,725.40"
01/19/2023,"2,685.32"
01/18/2023,"2,713.54"
01/17/2023,"2,736.45"
01/16/2023,"2,735.88"
01/13/2023,"2,735.72"
01/12/2023,"2,720.09"
01/11/2023,"2,700.75"
01/10/2023,"2,671.20"
01/09/2023,"2,663.17"
01/06/2023,"2,649.76"
01/05/2023,"2,594.69"
01/04/2023,"2,624.35"
01/03/2023,"2,600.91"
01/02/2023,"2,607.25"
12/30/2022,"2,602.69"
12/29/2022,"2,611.98"
12/28/2022,"2,575.16"
12/27/2022,"2,600.94"
12/26/2022,"2,605.48"
12/23/2022,"2,605.19"
12/22/2022,"2,595.25"
12/21/2022,"2,626.92"
12/20/2022,"2,592.86"
12/19/2022,"2,585.89"
12/16/2022,"2,606.01"
12/15/2022,"2,636.91"
12/14/2022,"2,705.31"
12/13/2022,"2,715.49"
12/12/2022,"2,683.56"
12/09/2022,"2,662.86"
12/08/2022,"2,670.27"
12/07/2022,"2,654.34"
12/06/2022,"2,662.07"
12/05/2022,"2,696.30"
12/02/2022,"2,733.03"
12/01/2022,"2,741.08"
11/30/2022,"2,720.89"
11/29/2022,"2,663.25"
11/28/2022,"2,668.44"
11/25/2022,"2,703.67"
11/24/2022,"2,706.01"
11/23/2022,"2,697.39"
11/22/2022,"2,675.46"
11/21/2022,"2,640.44"
11/18/2022,"2,658.90"
11/17/2022,"2,642.34"
11/16/2022,"2,657.58"
11/15/2022,"2,678.23"
11/14/2022,"2,653.94"
11/11/2022,"2,674.08"
11/10/2022,"2,636.55"
11/09/2022,"2,509.77"
11/08/2022,"2,554.87"
11/07/2022,"2,533.63"
11/04/2022,"2,507.22"
11/03/2022,"2,467.89"
11/02/2022,"2,499.78"
11/01/2022,"2,546.40"
10/31/2022,"2,547.72"
10/28/2022,"2,561.04"
10/27/2022,"2,523.59"
10/26/2022,"2,535.67"
10/25/2022,"2,537.54"
10/24/2022,"2,493.06"
10/21/2022,"2,462.42"
10/20/2022,"2,429.26"
10/19/2022,"2,439.30"
10/18/2022,"2,457.86"
10/17/2022,"2,431.84"
10/14/2022,"2,376.64"
10/13/2022,"2,411.69"
10/12/2022,"2,367.69"
10/11/2022,"2,376.29"
10/10/2022,"2,395.61"
10/07/2022,"2,417.72"
10/06/2022,"2,478.42"
10/05/2022,"2,500.08"
10/04/2022,"2,511.72"
10/03/2022,"2,429.91"
09/30/2022,"2,378.65"
09/29/2022,"2,401.32"
09/28/2022,"2,438.78"
09/27/2022,"2,403.88"
09/26/2022,"2,408.44"
09/23/2022,"2,438.50"
09/22/2022,"2,489.36"
09/21/2022,"2,516.59"
09/20/2022,"2,554.02"
09/19/2022,"2,580.55"
09/16/2022,"2,569.29"
09/15/2022,"2,592.00"
09/14/2022,"2,617.84"
09/13/2022,"2,619.50"
09/12/2022,"2,719.01"
09/09/2022,"2,682.90"
09/08/2022,"2,636.17"
09/07/2022,"2,614.10"
09/06/2022,"2,584.97"
09/05/2022,"2,596.70"
09/02/2022,"2,605.21"
09/01/2022,"2,610.25"
08/31/2022,"2,627.32"
08/30/2022,"2,645.37"
08/29/2022,"2,668.79"
08/26/2022,"2,694.62"
08/25/2022,"2,768.48"
08/24/2022,"2,736.01"
08/23/2022,"2,730.35"
08/22/2022,"2,736.10"
08/19/2022,"2,787.71"
08/18/2022,"2,826.41"
08/17/2022,"2,822.87"
08/16/2022,"2,844.42"
08/15/2022,"2,842.48"
08/12/2022,"2,834.51"
08/11/2022,"2,802.23"
08/10/2022,"2,803.37"
08/09/2022,"2,743.62"
08/08/2022,"2,758.72"
08/05/2022,"2,752.06"
08/04/2022,"2,761.65"
08/03/2022,"2,755.25"
08/02/2022,"2,728.30"
08/01/2022,"2,749.26"
07/29/2022,"2,746.36"
07/28/2022,"2,709.82"
07/27/2022,"2,675.08"
07/26/2022,"2,624.49"
07/25/2022,"2,651.22"
07/22/2022,"2,650.82"
07/21/2022,"2,663.84"
07/20/2022,"2,643.93"
07/19/2022,"2,628.34"
07/18/2022,"2,567.68"
07/15/2022,"2,568.64"
07/14/2022,"2,520.92"
07/13/2022,"2,544.68"
07/12/2022,"2,554.18"
07/11/2022,"2,572.33"
07/08/2022,"2,603.62"
07/07/2022,"2,602.03"
07/06/2022,"2,561.20"
07/05/2022,"2,553.95"
07/04/2022,"2,567.87"
07/01/2022,"2,559.95"
06/30/2022,"2,546.19"
06/29/2022,"2,574.45"
06/28/2022,"2,584.26"
06/27/2022,"2,623.20"
06/24/2022,"2,619.48"
06/23/2022,"2,549.05"
06/22/2022,"2,537.26"
06/21/2022,"2,543.36"
06/20/2022,"2,494.99"
06/17/2022,"2,485.77"
06/16/2022,"2,490.54"
06/15/2022,"2,556.67"
06/14/2022,"2,525.88"
06/13/2022,"2,545.04"
06/10/2022,"2,641.69"
06/09/2022,"2,721.85"
06/08/2022,"2,783.29"
06/07/2022,"2,805.32"
06/06/2022,"2,789.83"
06/03/2022,"2,779.06"
06/02/2022,"2,814.03"
06/01/2022,"2,770.43"
05/31/2022,"2,791.01"
05/30/2022,"2,814.74"
05/27/2022,"2,802.59"
05/26/2022,"2,743.96"
05/25/2022,"2,700.09"
05/24/2022,"2,680.46"
05/23/2022,"2,702.25"
05/20/2022,"2,655.91"
05/19/2022,"2,651.55"
05/18/2022,"2,665.06"
05/17/2022,"2,746.82"
05/16/2022,"2,693.95"
05/13/2022,"2,701.33"
05/12/2022,"2,639.75"
05/11/2022,"2,652.59"
05/10/2022,"2,677.25"
05/09/2022,"2,671.83"
05/06/2022,"2,762.21"
05/05/2022,"2,784.12"
05/04/2022,"2,864.43"
05/03/2022,"2,809.82"
05/02/2022,"2,796.33"
04/29/2022,"2,795.62"
04/28/2022,"2,861.55"
04/27/2022,"2,807.51"
04/26/2022,"2,811.00"
04/25/2022,"2,877.70"
04/22/2022,"2,882.45"
04/21/2022,"2,959.92"
04/20/2022,"2,994.64"
04/19/2022,"2,984.70"
04/18/2022,"2,954.15"
04/15/2022,"2,959.67"
04/14/2022,"2,960.64"
04/13/2022,"2,985.07"
04/12/2022,"2,959.78"
04/11/2022,"2,972.40"
04/08/2022,"3,012.19"
04/07/2022,"3,014.08"
04/06/2022,"3,012.24"
04/05/2022,"3,049.39"
04/04/2022,"3,081.38"
04/01/2022,"3,057.07"
03/31/2022,"3,053.07"
03/30/2022,"3,096.67"
03/29/2022,"3,110.81"
03/28/2022,"3,061.63"
03/25/2022,"3,049.11"
03/24/2022,"3,041.48"
03/23/2022,"3,012.79"
03/22/2022,"3,040.37"
03/21/2022,"3,010.08"
03/18/2022,"3,010.59"
03/17/2022,"2,981.31"
03/16/2022,"2,936.33"
03/15/2022,"2,865.89"
03/14/2022,"2,826.49"
03/11/2022,"2,840.04"
03/10/2022,"2,871.52"
03/09/2022,"2,881.78"
03/08/2022,"2,797.70"
03/07/2022,"2,819.54"
03/04/2022,"2,896.52"
03/03/2022,"2,942.45"
03/02/2022,"2,964.24"
03/01/2022,"2,930.76"
02/28/2022,"2,977.95"
02/25/2022,"2,980.20"
02/24/2022,"2,905.94"
02/23/2022,"2,909.33"
02/22/2022,"2,949.64"
02/21/2022,"2,975.91"
02/18/2022,"2,983.59"
02/17/2022,"3,009.09"
02/16/2022,"3,060.29"
02/15/2022,"3,054.26"
02/14/2022,"3,011.45"
02/11/2022,"3,039.18"
02/10/2022,"3,087.98"
02/09/2022,"3,124.93"
02/08/2022,"3,077.13"
02/07/2022,"3,059.44"
02/04/2022,"3,061.46"
02/03/2022,"3,052.50"
02/02/2022,"3,113.84"
02/01/2022,"3,086.62"
01/31/2022,"3,059.05"
01/28/2022,"3,005.63"
01/27/2022,"2,955.34"
01/26/2022,"2,979.70"
01/25/2022,"2,975.48"
01/24/2022,"3,005.52"
01/21/2022,"3,025.10"
01/20/2022,"3,082.25"
01/19/2022,"3,098.60"
01/18/2022,"3,124.21"
01/17/2022,"3,176.19"
01/14/2022,"3,173.12"
01/13/2022,"3,182.06"
01/12/2022,"3,214.19"
01/11/2022,"3,193.39"
01/10/2022,"3,166.14"
01/07/2022,"3,177.54"
01/06/2022,"3,184.62"
01/05/2022,"3,203.03"
01/04/2022,"3,248.12"
01/03/2022,"3,241.43"
12/31/2021,"3,231.73"
12/30/2021,"3,237.07"
12/29/2021,"3,243.95"
12/28/2021,"3,239.28"
12/27/2021,"3,237.70"
12/24/2021,"3,206.85"
12/23/2021,"3,206.08"
12/22/2021,"3,183.62"
12/21/2021,"3,152.31"
12/20/2021,"3,100.50"
12/17/2021,"3,139.75"
12/16/2021,"3,167.33"
12/15/2021,"3,175.11"
12/14/2021,"3,138.06"
12/13/2021,"3,162.00"
12/10/2021,"3,188.26"
12/09/2021,"3,172.49"
12/08/2021,"3,196.39"
12/07/2021,"3,184.17"
12/06/2021,"3,117.31"
12/03/2021,"3,086.44"
12/02/2021,"3,111.17"
12/01/2021,"3,087.98"
11/30/2021,"3,101.80"
11/29/2021,"3,155.73"
11/26/2021,"3,131.98"
11/25/2021,"3,202.44"
11/24/2021,"3,198.12"
11/23/2021,"3,196.88"
11/22/2021,"3,201.49"
11/19/2021,"3,219.90"
11/18/2021,"3,226.37"
11/17/2021,"3,221.03"
11/16/2021,"3,230.01"
11/15/2021,"3,226.45"
11/12/2021,"3,223.82"
11/11/2021,"3,201.99"
11/10/2021,"3,201.57"
11/09/2021,"3,227.80"
11/08/2021,"3,237.44"
11/05/2021,"3,232.26"
11/04/2021,"3,224.63"
11/03/2021,"3,212.35"
11/02/2021,"3,195.67"
11/01/2021,"3,190.54"
10/29/2021,"3,174.73"
10/28/2021,"3,179.44"
10/27/2021,"3,152.05"
10/26/2021,"3,167.44"
10/25/2021,"3,159.88"
10/22/2021,"3,151.16"
10/21/2021,"3,152.33"
10/20/2021,"3,147.70"
10/19/2021,"3,136.19"
10/18/2021,"3,114.01"
10/15/2021,"3,109.47"
10/14/2021,"3,084.59"
10/13/2021,"3,039.01"
10/12/2021,"3,024.72"
10/11/2021,"3,031.57"
10/08/2021,"3,043.74"
10/07/2021,"3,046.57"
10/06/2021,"3,015.95"
10/05/2021,"3,016.19"
10/04/2021,"2,992.89"
10/01/2021,"3,022.83"
09/30/2021,"3,006.60"
09/29/2021,"3,028.75"
09/28/2021,"3,032.70"
09/27/2021,"3,095.56"
09/24/2021,"3,103.53"
09/23/2021,"3,106.42"
09/22/2021,"3,074.35"
09/21/2021,"3,049.68"
09/20/2021,"3,046.20"
09/17/2021,"3,096.61"
09/16/2021,"3,122.57"
09/15/2021,"3,127.71"
09/14/2021,"3,116.08"
09/13/2021,"3,126.10"
09/10/2021,"3,122.07"
09/09/2021,"3,136.04"
09/08/2021,"3,146.96"
09/07/2021,"3,158.94"
09/06/2021,"3,169.64"
09/03/2021,"3,163.99"
09/02/2021,"3,161.46"
09/01/2021,"3,151.66"
08/31/2021,"3,141.35"
08/30/2021,"3,146.63"
08/27/2021,"3,133.67"
08/26/2021,"3,110.27"
08/25/2021,"3,125.83"
08/24/2021,"3,122.00"
08/23/2021,"3,112.57"
08/20/2021,"3,080.02"
08/19/2021,"3,063.22"
08/18/2021,"3,078.01"
08/17/2021,"3,100.12"
08/16/2021,"3,121.99"
08/13/2021,"3,125.12"
08/12/2021,"3,115.74"
08/11/2021,"3,109.97"
08/10/2021,"3,099.49"
08/09/2021,"3,097.06"
08/06/2021,"3,098.06"
08/05/2021,"3,102.23"
08/04/2021,"3,085.83"
08/03/2021,"3,092.51"
08/02/2021,"3,077.11"
07/30/2021,"3,069.25"
07/29/2021,"3,089.82"
07/28/2021,"3,069.49"
07/27/2021,"3,068.87"
07/26/2021,"3,080.40"
07/23/2021,"3,072.38"
07/22/2021,"3,046.60"
07/21/2021,"3,036.73"
07/20/2021,"3,005.86"
07/19/2021,"2,975.55"
07/16/2021,"3,024.65"
07/15/2021,"3,043.52"
07/14/2021,"3,058.59"
07/13/2021,"3,059.28"
07/12/2021,"3,068.27"
07/09/2021,"3,053.12"
07/08/2021,"3,022.24"
07/07/2021,"3,049.66"
07/06/2021,"3,042.63"
07/05/2021,"3,049.84"
07/02/2021,"3,046.09"
07/01/2021,"3,028.20"
06/30/2021,"3,017.23"
06/29/2021,"3,024.44"
06/28/2021,"3,025.22"
06/25/2021,"3,024.94"
06/24/2021,"3,013.36"
06/23/2021,"2,998.00"
06/22/2021,"3,001.14"
06/21/2021,"2,982.11"
06/18/2021,"2,954.19"
06/17/2021,"2,996.51"
06/16/2021,"3,008.48"
06/15/2021,"3,017.27"
06/14/2021,"3,019.88"
06/11/2021,"3,012.67"
06/10/2021,"3,007.46"
06/09/2021,"2,996.64"
06/08/2021,"3,001.83"
06/07/2021,"3,000.97"
06/04/2021,"2,997.36"
06/03/2021,"2,972.87"
06/02/2021,"2,985.97"
06/01/2021,"2,982.02"
05/31/2021,"2,975.70"
05/28/2021,"2,979.30"
05/27/2021,"2,970.64"
05/26/2021,"2,969.51"
05/25/2021,"2,965.51"
05/24/2021,"2,966.44"
05/21/2021,"2,943.13"
05/20/2021,"2,942.21"
05/19/2021,"2,910.94"
05/18/2021,"2,928.68"
05/17/2021,"2,934.18"
05/14/2021,"2,938.63"
05/13/2021,"2,892.48"
05/12/2021,"2,876.79"
05/11/2021,"2,928.33"
05/10/2021,"2,961.57"
05/07/2021,"2,979.41"
05/06/2021,"2,952.03"
05/05/2021,"2,932.84"
05/04/2021,"2,922.50"
05/03/2021,"2,948.67"
04/30/2021,"2,938.76"
04/29/2021,"2,963.31"
04/28/2021,"2,951.88"
04/27/2021,"2,952.01"
04/26/2021,"2,956.13"
04/23/2021,"2,946.11"
04/22/2021,"2,923.91"
04/21/2021,"2,932.98"
04/20/2021,"2,915.78"
04/19/2021,"2,944.05"
04/16/2021,"2,953.35"
04/15/2021,"2,941.75"
04/14/2021,"2,913.53"
04/13/2021,"2,918.19"
04/12/2021,"2,907.25"
04/09/2021,"2,910.10"
04/08/2021,"2,895.61"
04/07/2021,"2,881.15"
04/06/2021,"2,876.23"
04/05/2021,"2,872.97"
04/02/2021,"2,841.89"
04/01/2021,"2,840.19"
03/31/2021,"2,811.70"
03/30/2021,"2,805.10"
03/29/2021,"2,811.53"
03/26/2021,"2,814.86"
03/25/2021,"2,775.05"
03/24/2021,"2,767.26"
03/23/2021,"2,788.01"
03/22/2021,"2,809.65"
03/19/2021,"2,796.14"
03/18/2021,"2,802.27"
03/17/2021,"2,826.79"
03/16/2021,"2,823.69"
03/15/2021,"2,821.85"
03/12/2021,"2,807.21"
03/11/2021,"2,806.07"
03/10/2021,"2,775.34"
03/09/2021,"2,761.82"
03/08/2021,"2,722.64"
03/05/2021,"2,728.56"
03/04/2021,"2,706.48"
03/03/2021,"2,741.68"
03/02/2021,"2,768.25"
03/01/2021,"2,783.70"
02/26/2021,"2,726.91"
02/25/2021,"2,760.26"
02/24/2021,"2,802.40"
02/23/2021,"2,789.21"
02/22/2021,"2,788.11"
02/19/2021,"2,806.47"
02/18/2021,"2,802.92"
02/17/2021,"2,815.98"
02/16/2021,"2,828.15"
02/15/2021,"2,829.67"
02/12/2021,"2,818.85"
02/11/2021,"2,807.16"
02/10/2021,"2,800.68"
02/09/2021,"2,798.55"
02/08/2021,"2,795.89"
02/05/2021,"2,773.45"
02/04/2021,"2,757.66"
02/03/2021,"2,737.93"
02/02/2021,"2,731.95"
02/01/2021,"2,697.88"
01/29/2021,"2,661.69"
01/28/2021,"2,710.60"
01/27/2021,"2,694.42"
01/26/2021,"2,754.12"
01/25/2021,"2,756.87"
01/22/2021,"2,755.66"
01/21/2021,"2,765.57"
01/20/2021,"2,761.48"
01/19/2021,"2,732.48"
01/18/2021,"2,713.49"
01/15/2021,"2,714.81"
01/14/2021,"2,738.09"
01/13/2021,"2,739.87"
01/12/2021,"2,734.40"
01/11/2021,"2,730.05"
01/08/2021,"2,753.31"
01/07/2021,"2,734.19"
01/06/2021,"2,699.51"
01/05/2021,"2,684.18"
01/04/2021,"2,670.04"
01/01/2021,"2,690.04"
12/31/2020,"2,690.04"
12/30/2020,"2,686.06"
12/29/2020,"2,682.18"
12/28/2020,"2,676.80"
12/25/2020,"2,659.27"
12/24/2020,"2,659.04"
12/23/2020,"2,651.41"
12/22/2020,"2,643.07"
12/21/2020,"2,644.97"
12/18/2020,"2,666.30"
12/17/2020,"2,674.87"
12/16/2020,"2,654.79"
12/15/2020,"2,643.74"
12/14/2020,"2,619.43"
12/11/2020,"2,621.89"
12/10/2020,"2,628.58"
12/09/2020,"2,627.53"
12/08/2020,"2,642.05"
12/07/2020,"2,635.88"
12/04/2020,"2,639.66"
12/03/2020,"2,621.28"
12/02/2020,"2,613.91"
12/01/2020,"2,609.01"
11/30/2020,"2,583.14"
11/27/2020,"2,601.45"
11/26/2020,"2,590.15"
11/25/2020,"2,589.67"
11/24/2020,"2,587.19"
11/23/2020,"2,546.90"
11/20/2020,"2,540.02"
11/19/2020,"2,546.31"
11/18/2020,"2,543.36"
11/17/2020,"2,558.43"
11/16/2020,"2,561.50"
11/13/2020,"2,529.29"
11/12/2020,"2,509.24"
11/11/2020,"2,528.25"
11/10/2020,"2,507.10"
11/09/2020,"2,502.06"
11/06/2020,"2,470.05"
11/05/2020,"2,466.58"
11/04/2020,"2,416.61"
11/03/2020,"2,369.27"
11/02/2020,"2,322.14"
10/30/2020,"2,292.93"
10/29/2020,"2,318.44"
10/28/2020,"2,306.65"
10/27/2020,"2,381.65"
10/26/2020,"2,390.08"
10/23/2020,"2,430.54"
10/22/2020,"2,421.00"
10/21/2020,"2,417.83"
10/20/2020,"2,422.71"
10/19/2020,"2,417.69"
10/16/2020,"2,440.14"
10/15/2020,"2,435.93"
10/14/2020,"2,453.61"
10/13/2020,"2,464.18"
10/12/2020,"2,477.92"
10/09/2020,"2,447.76"
10/08/2020,"2,427.36"
10/07/2020,"2,409.39"
10/06/2020,"2,382.57"
10/05/2020,"2,403.50"
10/02/2020,"2,362.41"
10/01/2020,"2,380.02"
09/30/2020,"2,367.27"
09/29/2020,"2,359.63"
09/28/2020,"2,366.41"
09/25/2020,"2,326.85"
09/24/2020,"2,300.30"
09/23/2020,"2,305.57"
09/22/2020,"2,343.39"
09/21/2020,"2,329.49"
09/18/2020,"2,367.99"
09/17/2020,"2,383.54"
09/16/2020,"2,403.50"
09/15/2020,"2,407.97"
09/14/2020,"2,396.37"
09/11/2020,"2,368.14"
09/10/2020,"2,367.80"
09/09/2020,"2,393.75"
09/08/2020,"2,354.41"
09/07/2020,"2,408.05"
09/04/2020,"2,399.60"
09/03/2020,"2,425.78"
09/02/2020,"2,494.10"
09/01/2020,"2,467.25"
08/31/2020,"2,455.51"
08/28/2020,"2,456.86"
08/27/2020,"2,442.79"
08/26/2020,"2,446.05"
08/25/2020,"2,422.95"
08/24/2020,"2,417.05"
08/21/2020,"2,392.11"
08/20/2020,"2,389.15"
08/19/2020,"2,394.47"
08/18/2020,"2,399.37"
08/17/2020,"2,393.97"
08/14/2020,"2,384.20"
08/13/2020,"2,390.08"
08/12/2020,"2,391.80"
08/11/2020,"2,359.47"
08/10/2020,"2,360.87"
08/07/2020,"2,355.97"
08/06/2020,"2,359.89"
08/05/2020,"2,355.94"
08/04/2020,"2,336.82"
08/03/2020,"2,324.08"
07/31/2020,"2,304.98"
07/30/2020,"2,304.01"
07/29/2020,"2,319.71"
07/28/2020,"2,299.91"
07/27/2020,"2,311.62"
07/24/2020,"2,291.58"
07/23/2020,"2,308.12"
07/22/2020,"2,327.76"
07/21/2020,"2,321.55"
07/20/2020,"2,312.95"
07/17/2020,"2,293.92"
07/16/2020,"2,288.81"
07/15/2020,"2,298.78"
07/14/2020,"2,270.69"
07/13/2020,"2,253.76"
07/10/2020,"2,259.60"
07/09/2020,"2,240.73"
07/08/2020,"2,252.64"
07/07/2020,"2,243.17"
07/06/2020,"2,264.29"
07/03/2020,"2,226.39"
07/02/2020,"2,227.65"
07/01/2020,"2,211.27"
06/30/2020,"2,201.79"
06/29/2020,"2,176.44"
06/26/2020,"2,157.19"
06/25/2020,"2,193.40"
06/24/2020,"2,180.12"
06/23/2020,"2,236.04"
06/22/2020,"2,217.82"
06/19/2020,"2,208.97"
06/18/2020,"2,215.64"
06/17/2020,"2,217.90"
06/16/2020,"2,219.10"
06/15/2020,"2,171.44"
06/12/2020,"2,164.46"
06/11/2020,"2,154.44"
06/10/2020,"2,267.36"
06/09/2020,"2,275.28"
06/08/2020,"2,288.04"
06/05/2020,"2,266.76"
06/04/2020,"2,218.50"
06/03/2020,"2,222.54"
06/02/2020,"2,187.09"
06/01/2020,"2,163.92"
05/29/2020,"2,147.88"
05/28/2020,"2,148.33"
05/27/2020,"2,136.90"
05/26/2020,"2,114.27"
05/25/2020,"2,081.83"
05/22/2020,"2,071.90"
05/21/2020,"2,074.10"
05/20/2020,"2,092.03"
05/19/2020,"2,061.37"
05/18/2020,"2,069.00"
05/15/2020,"2,008.41"
05/14/2020,"1,999.89"
05/13/2020,"1,998.48"
05/12/2020,"2,034.06"
05/11/2020,"2,060.70"
05/08/2020,"2,061.89"
05/07/2020,"2,026.12"
05/06/2020,"2,007.60"
05/05/2020,"2,018.11"
05/04/2020,"1,997.75"
05/01/2020,"2,004.79"
04/30/2020,"2,052.85"
04/29/2020,"2,070.76"
04/28/2020,"2,023.35"
04/27/2020,"2,022.49"
04/24/2020,"1,987.65"
04/23/2020,"1,974.38"
04/22/2020,"1,968.27"
04/21/2020,"1,932.25"
04/20/2020,"1,994.03"
04/17/2020,"2,017.51"
04/16/2020,"1,964.33"
04/15/2020,"1,960.20"
04/14/2020,"2,006.81"
04/13/2020,"1,956.75"
04/10/2020,"1,971.95"
04/09/2020,"1,970.67"
04/08/2020,"1,940.08"
04/07/2020,"1,895.04"
04/06/2020,"1,881.48"
04/03/2020,"1,776.86"
04/02/2020,"1,803.07"
04/01/2020,"1,781.27"
03/31/2020,"1,852.73"
03/30/2020,"1,870.48"
03/27/2020,"1,827.17"
03/26/2020,"1,875.56"
03/25/2020,"1,785.99"
03/24/2020,"1,742.61"
03/23/2020,"1,602.11"
03/20/2020,"1,650.94"
03/19/2020,"1,694.45"
03/18/2020,"1,682.25"
03/17/2020,"1,772.93"
03/16/2020,"1,702.79"
03/13/2020,"1,881.64"
03/12/2020,"1,776.52"
03/11/2020,"1,972.04"
03/10/2020,"2,051.96"
03/09/2020,"1,995.22"
03/06/2020,"2,149.29"
03/05/2020,"2,192.35"
03/04/2020,"2,243.09"
03/03/2020,"2,179.48"
03/02/2020,"2,212.38"
02/28/2020,"2,141.12"
02/27/2020,"2,177.25"
02/26/2020,"2,258.62"
02/25/2020,"2,269.42"
02/24/2020,"2,330.75"
02/21/2020,"2,402.80"
02/20/2020,"2,420.21"
02/19/2020,"2,431.22"
02/18/2020,"2,421.47"
02/17/2020,"2,430.69"
02/14/2020,"2,431.37"
02/13/2020,"2,429.89"
02/12/2020,"2,434.95"
02/11/2020,"2,421.26"
02/10/2020,"2,413.10"
02/07/2020,"2,404.75"
02/06/2020,"2,416.48"
02/05/2020,"2,404.96"
02/04/2020,"2,383.30"
02/03/2020,"2,351.45"
01/31/2020,"2,342.41"
01/30/2020,"2,372.01"
01/29/2020,"2,373.52"
01/28/2020,"2,372.52"
01/27/2020,"2,356.09"
01/24/2020,"2,395.31"
01/23/2020,"2,406.14"
01/22/2020,"2,410.23"
01/21/2020,"2,409.29"
01/20/2020,"2,415.03"
01/17/2020,"2,415.51"
01/16/2020,"2,406.17"
01/15/2020,"2,392.06"
01/14/2020,"2,388.50"
01/13/2020,"2,388.25"
01/10/2020,"2,377.62"
01/09/2020,"2,379.85"
01/08/2020,"2,366.93"
01/07/2020,"2,362.43"
01/06/2020,"2,364.49"
01/03/2020,"2,363.12"
01/02/2020,"2,375.94"
01/01/2020,"2,358.48"
12/31/2019,"2,358.47"
12/30/2019,"2,353.25"
12/27/2019,"2,364.90"
12/26/2019,"2,360.21"
12/25/2019,"2,351.22"
12/24/2019,"2,351.84"
12/23/2019,"2,350.75"
12/20/2019,"2,349.87"
12/19/2019,"2,340.65"
12/18/2019,"2,333.28"
12/17/2019,"2,336.62"
12/16/2019,"2,337.45"
12/13/2019,"2,319.73"
12/12/2019,"2,309.36"
12/11/2019,"2,295.02"
12/10/2019,"2,289.67"
12/09/2019,"2,292.58"
12/06/2019,"2,296.39"
12/05/2019,"2,278.63"
12/04/2019,"2,275.47"
12/03/2019,"2,263.10"
12/02/2019,"2,276.40"
11/29/2019,"2,292.26"
11/28/2019,"2,301.79"
11/27/2019,"2,302.67"
11/26/2019,"2,294.78"
11/25/2019,"2,290.65"
11/22/2019,"2,273.89"
11/21/2019,"2,270.36"
11/20/2019,"2,274.92"
11/19/2019,"2,284.85"
11/18/2019,"2,285.76"
11/15/2019,"2,282.80"
11/14/2019,"2,265.29"
11/13/2019,"2,268.33"
11/12/2019,"2,270.01"
11/11/2019,"2,266.36"
11/08/2019,"2,268.83"
11/07/2019,"2,266.69"
11/06/2019,"2,261.37"
11/05/2019,"2,259.26"
11/04/2019,"2,261.45"
11/01/2019,"2,252.07"
10/31/2019,"2,233.53"
10/30/2019,"2,237.31"
10/29/2019,"2,232.45"
10/28/2019,"2,231.40"
10/25/2019,"2,222.75"
10/24/2019,"2,215.64"
10/23/2019,"2,208.28"
10/22/2019,"2,204.29"
10/21/2019,"2,209.34"
10/18/2019,"2,195.28"
10/17/2019,"2,201.92"
10/16/2019,"2,195.35"
10/15/2019,"2,196.61"
10/14/2019,"2,175.28"
10/11/2019,"2,179.33"
10/10/2019,"2,150.16"
10/09/2019,"2,137.62"
10/08/2019,"2,124.15"
10/07/2019,"2,151.82"
10/04/2019,"2,153.83"
10/03/2019,"2,131.36"
10/02/2019,"2,121.47"
10/01/2019,"2,158.47"
09/30/2019,"2,180.02"
09/27/2019,"2,175.54"
09/26/2019,"2,183.46"
09/25/2019,"2,184.56"
09/24/2019,"2,182.07"
09/23/2019,"2,193.74"
09/20/2019,"2,197.55"
09/19/2019,"2,204.67"
09/18/2019,"2,201.02"
09/17/2019,"2,201.77"
09/16/2019,"2,195.88"
09/13/2019,"2,205.81"
09/12/2019,"2,201.81"
09/11/2019,"2,194.42"
09/10/2019,"2,179.43"
09/09/2019,"2,178.41"
09/06/2019,"2,178.90"
09/05/2019,"2,174.27"
09/04/2019,"2,149.80"
09/03/2019,"2,126.92"
09/02/2019,"2,136.58"
08/30/2019,"2,138.52"
08/29/2019,"2,133.08"
08/28/2019,"2,111.92"
08/27/2019,"2,104.85"
08/26/2019,"2,105.22"
08/23/2019,"2,094.63"
08/22/2019,"2,131.68"
08/21/2019,"2,135.52"
08/20/2019,"2,119.57"
08/19/2019,"2,131.81"
08/16/2019,"2,108.50"
08/15/2019,"2,082.84"
08/14/2019,"2,086.26"
08/13/2019,"2,134.54"
08/12/2019,"2,117.73"
08/09/2019,"2,135.34"
08/08/2019,"2,146.91"
08/07/2019,"2,114.05"
08/06/2019,"2,109.20"
08/05/2019,"2,097.32"
08/02/2019,"2,149.99"
08/01/2019,"2,173.18"
07/31/2019,"2,187.56"
07/30/2019,"2,203.40"
07/29/2019,"2,212.50"
07/26/2019,"2,215.71"
07/25/2019,"2,206.92"
07/24/2019,"2,217.75"
07/23/2019,"2,209.59"
07/22/2019,"2,197.67"
07/19/2019,"2,194.61"
07/18/2019,"2,198.40"
07/17/2019,"2,197.94"
07/16/2019,"2,208.09"
07/15/2019,"2,214.34"
07/12/2019,"2,212.65"
07/11/2019,"2,205.35"
07/10/2019,"2,201.14"
07/09/2019,"2,193.65"
07/08/2019,"2,194.62"
07/05/2019,"2,205.57"
07/04/2019,"2,215.17"
07/03/2019,"2,213.35"
07/02/2019,"2,198.55"
07/01/2019,"2,192.24"
06/28/2019,"2,178.35"
06/27/2019,"2,166.48"
06/26/2019,"2,158.41"
06/25/2019,"2,163.73"
06/24/2019,"2,178.17"
06/21/2019,"2,178.16"
06/20/2019,"2,183.36"
06/19/2019,"2,161.60"
06/18/2019,"2,150.91"
06/17/2019,"2,130.86"
06/14/2019,"2,130.95"
06/13/2019,"2,136.96"
06/12/2019,"2,134.42"
06/11/2019,"2,139.74"
06/10/2019,"2,135.51"
06/07/2019,"2,126.88"
06/06/2019,"2,104.18"
06/05/2019,"2,095.83"
06/04/2019,"2,077.66"
06/03/2019,"2,045.06"
05/31/2019,"2,046.25"
05/30/2019,"2,066.48"
05/29/2019,"2,064.80"
05/28/2019,"2,084.57"
05/27/2019,"2,096.43"
05/24/2019,"2,095.03"
05/23/2019,"2,087.46"
05/22/2019,"2,111.78"
05/21/2019,"2,117.66"
05/20/2019,"2,104.64"
05/17/2019,"2,116.50"
05/16/2019,"2,126.06"
05/15/2019,"2,110.40"
05/14/2019,"2,098.76"
05/13/2019,"2,086.46"
05/10/2019,"2,126.32"
05/09/2019,"2,119.31"
05/08/2019,"2,131.90"
05/07/2019,"2,135.49"
05/06/2019,"2,166.66"
05/03/2019,"2,177.77"
05/02/2019,"2,161.11"
05/01/2019,"2,170.03"
04/30/2019,"2,178.67"
04/29/2019,"2,175.59"
04/26/2019,"2,173.82"
04/25/2019,"2,165.36"
04/24/2019,"2,168.81"
04/23/2019,"2,174.39"
04/22/2019,"2,161.58"
04/18/2019,"2,160.21"
04/17/2019,"2,160.94"
04/16/2019,"2,163.08"
04/15/2019,"2,161.14"
04/12/2019,"2,159.39"
04/11/2019,"2,147.61"
04/10/2019,"2,147.99"
04/09/2019,"2,143.20"
04/08/2019,"2,152.89"
04/05/2019,"2,149.85"
04/04/2019,"2,142.75"
04/03/2019,"2,143.02"
04/02/2019,"2,131.71"
04/01/2019,"2,131.79"
03/29/2019,"2,107.74"
03/28/2019,"2,095.18"
03/27/2019,"2,094.02"
03/26/2019,"2,102.62"
03/25/2019,"2,087.06"
03/22/2019,"2,094.81"
03/21/2019,"2,127.93"
03/20/2019,"2,112.05"
03/19/2019,"2,121.47"
03/18/2019,"2,117.99"
03/15/2019,"2,108.78"
03/14/2019,"2,096.32"
03/13/2019,"2,095.67"
03/12/2019,"2,083.38"
03/11/2019,"2,074.66"
03/08/2019,"2,051.12"
03/07/2019,"2,061.41"
03/06/2019,"2,078.69"
03/05/2019,"2,087.50"
03/04/2019,"2,090.40"
03/01/2019,"2,096.35"
02/28/2019,"2,085.84"
02/27/2019,"2,092.12"
02/26/2019,"2,091.70"
02/25/2019,"2,091.83"
02/22/2019,"2,086.97"
02/21/2019,"2,077.44"
02/20/2019,"2,083.64"
02/19/2019,"2,075.91"
02/18/2019,"2,072.62"
02/15/2019,"2,066.58"
02/14/2019,"2,047.56"
02/13/2019,"2,052.76"
02/12/2019,"2,045.12"
02/11/2019,"2,021.60"
02/08/2019,"2,020.53"
02/07/2019,"2,026.94"
02/06/2019,"2,047.11"
02/05/2019,"2,051.36"
02/04/2019,"2,037.76"
02/01/2019,"2,029.55"
01/31/2019,"2,028.49"
01/30/2019,"2,010.95"
01/29/2019,"1,989.60"
01/28/2019,"1,989.18"
01/25/2019,"2,001.86"
01/24/2019,"1,983.23"
01/23/2019,"1,980.15"
01/22/2019,"1,978.83"
01/21/2019,"2,000.77"
01/18/2019,"2,000.76"
01/17/2019,"1,975.61"
01/16/2019,"1,966.50"
01/15/2019,"1,963.61"
01/14/2019,"1,948.16"
01/11/2019,"1,957.17"
01/10/2019,"1,957.69"
01/09/2019,"1,950.99"
01/08/2019,"1,935.79"
01/07/2019,"1,919.75"
01/04/2019,"1,904.18"
01/03/2019,"1,853.18"
01/02/2019,"1,881.15"
01/01/2019,"1,883.93"
12/31/2018,"1,883.90"
12/28/2018,"1,870.80"
12/27/2018,"1,862.38"
12/26/2018,"1,850.70"
12/24/2018,"1,802.95"
12/21/2018,"1,834.97"
12/20/2018,"1,862.82"
12/19/2018,"1,892.71"
12/18/2018,"1,908.16"
12/17/2018,"1,914.33"
12/14/2018,"1,942.55"
12/13/2018,"1,974.41"
12/12/2018,"1,975.88"
12/11/2018,"1,954.65"
12/10/2018,"1,952.83"
12/07/2018,"1,965.24"
12/06/2018,"1,990.85"
12/05/2018,"2,008.63"
12/04/2018,"2,016.89"
12/03/2018,"2,066.62"
11/30/2018,"2,041.36"
11/29/2018,"2,034.89"
11/28/2018,"2,029.78"
11/27/2018,"2,000.07"
11/26/2018,"1,999.20"
11/23/2018,"1,975.09"
11/22/2018,"1,984.03"
11/21/2018,"1,984.73"
11/20/2018,"1,976.91"
11/19/2018,"2,009.61"
11/16/2018,"2,031.76"
11/15/2018,"2,026.30"
11/14/2018,"2,015.14"
11/13/2018,"2,026.52"
11/12/2018,"2,028.62"
11/09/2018,"2,063.16"
11/08/2018,"2,082.47"
11/07/2018,"2,084.45"
11/06/2018,"2,050.65"
11/05/2018,"2,040.68"
11/02/2018,"2,036.70"
11/01/2018,"2,040.93"
10/31/2018,"2,021.98"
10/30/2018,"1,997.19"
10/29/2018,"1,975.70"
10/26/2018,"1,981.89"
10/25/2018,"2,006.27"
10/24/2018,"1,988.62"
10/23/2018,"2,033.89"
10/22/2018,"2,053.44"
10/19/2018,"2,062.33"
10/18/2018,"2,064.47"
10/17/2018,"2,089.50"
10/16/2018,"2,091.21"
10/15/2018,"2,055.11"
10/12/2018,"2,063.43"
10/11/2018,"2,044.95"
10/10/2018,"2,089.10"
10/09/2018,"2,138.46"
10/08/2018,"2,143.56"
10/05/2018,"2,151.42"
10/04/2018,"2,165.43"
10/03/2018,"2,183.63"
10/02/2018,"2,183.62"
10/01/2018,"2,188.18"
09/28/2018,"2,184.01"
09/27/2018,"2,188.71"
09/26/2018,"2,189.31"
09/25/2018,"2,194.20"
09/24/2018,"2,193.01"
09/21/2018,"2,200.01"
09/20/2018,"2,195.68"
09/19/2018,"2,177.74"
09/18/2018,"2,172.27"
09/17/2018,"2,160.53"
09/14/2018,"2,166.59"
09/13/2018,"2,162.68"
09/12/2018,"2,152.70"
09/11/2018,"2,147.67"
09/10/2018,"2,142.64"
09/07/2018,"2,137.60"
09/06/2018,"2,144.03"
09/05/2018,"2,152.77"
09/04/2018,"2,162.83"
09/03/2018,"2,173.42"
08/31/2018,"2,175.50"
08/30/2018,"2,181.56"
08/29/2018,"2,190.75"
08/28/2018,"2,182.50"
08/27/2018,"2,179.95"
08/24/2018,"2,161.61"
08/23/2018,"2,149.22"
08/22/2018,"2,155.99"
08/21/2018,"2,151.79"
08/20/2018,"2,145.24"
08/17/2018,"2,138.11"
08/16/2018,"2,131.05"
08/15/2018,"2,115.70"
08/14/2018,"2,137.36"
08/13/2018,"2,127.47"
08/10/2018,"2,139.84"
08/09/2018,"2,163.69"
08/08/2018,"2,166.15"
08/07/2018,"2,166.85"
08/06/2018,"2,157.34"
08/03/2018,"2,155.39"
08/02/2018,"2,147.58"
08/01/2018,"2,149.36"
07/31/2018,"2,153.10"
07/30/2018,"2,148.25"
07/27/2018,"2,156.11"
07/26/2018,"2,161.93"
07/25/2018,"2,161.76"
07/24/2018,"2,151.08"
07/23/2018,"2,139.44"
07/20/2018,"2,139.17"
07/19/2018,"2,134.84"
07/18/2018,"2,142.24"
07/17/2018,"2,138.15"
07/16/2018,"2,132.79"
07/13/2018,"2,134.60"
07/12/2018,"2,130.86"
07/11/2018,"2,117.30"
07/10/2018,"2,135.87"
07/09/2018,"2,131.14"
07/06/2018,"2,113.74"
07/05/2018,"2,096.19"
07/04/2018,"2,082.17"
07/03/2018,"2,082.05"
07/02/2018,"2,082.08"
06/29/2018,"2,089.30"
06/28/2018,"2,079.62"
06/27/2018,"2,076.30"
06/26/2018,"2,088.41"
06/25/2018,"2,085.59"
06/22/2018,"2,114.90"
06/21/2018,"2,105.93"
06/20/2018,"2,117.76"
06/19/2018,"2,111.44"
06/18/2018,"2,125.79"
06/15/2018,"2,134.15"
06/14/2018,"2,142.02"
06/13/2018,"2,140.20"
06/12/2018,"2,145.36"
06/11/2018,"2,144.20"
06/08/2018,"2,137.74"
06/07/2018,"2,137.57"
06/06/2018,"2,136.74"
06/05/2018,"2,119.36"
06/04/2018,"2,121.86"
06/01/2018,"2,109.19"
05/31/2018,"2,092.92"
05/30/2018,"2,100.42"
05/29/2018,"2,083.27"
05/28/2018,"2,107.14"
05/25/2018,"2,110.80"
05/24/2018,"2,117.73"
05/23/2018,"2,122.90"
05/22/2018,"2,128.78"
05/21/2018,"2,130.72"
05/18/2018,"2,120.80"
05/17/2018,"2,125.56"
05/16/2018,"2,122.97"
05/15/2018,"2,119.98"
05/14/2018,"2,136.09"
05/11/2018,"2,131.96"
05/10/2018,"2,123.53"
05/09/2018,"2,109.84"
05/08/2018,"2,095.07"
05/07/2018,"2,096.86"
05/04/2018,"2,089.44"
05/03/2018,"2,071.37"
05/02/2018,"2,076.69"
05/01/2018,"2,083.77"
04/30/2018,"2,086.51"
04/27/2018,"2,096.05"
04/26/2018,"2,092.44"
04/25/2018,"2,076.74"
04/24/2018,"2,081.52"
04/23/2018,"2,097.22"
04/20/2018,"2,099.73"
04/19/2018,"2,115.93"
04/18/2018,"2,123.77"
04/17/2018,"2,116.43"
04/16/2018,"2,099.82"
04/13/2018,"2,088.98"
04/12/2018,"2,090.89"
04/11/2018,"2,082.57"
04/10/2018,"2,090.11"
04/09/2018,"2,061.19"
04/06/2018,"2,052.78"
04/05/2018,"2,080.69"
04/04/2018,"2,061.31"
04/03/2018,"2,048.80"
04/02/2018,"2,038.54"
03/29/2018,"2,065.53"
03/28/2018,"2,047.75"
03/27/2018,"2,055.55"
03/26/2018,"2,069.13"
03/23/2018,"2,036.55"
03/22/2018,"2,072.94"
03/21/2018,"2,109.18"
03/20/2018,"2,110.91"
03/19/2018,"2,110.40"
03/16/2018,"2,134.05"
03/15/2018,"2,133.35"
03/14/2018,"2,134.51"
03/13/2018,"2,144.60"
03/12/2018,"2,154.26"
03/09/2018,"2,149.32"
03/08/2018,"2,125.28"
03/07/2018,"2,115.98"
03/06/2018,"2,117.77"
03/05/2018,"2,106.58"
03/02/2018,"2,089.84"
03/01/2018,"2,089.98"
02/28/2018,"2,117.99"
02/27/2018,"2,140.57"
02/26/2018,"2,159.67"
02/23/2018,"2,140.91"
02/22/2018,"2,117.17"
02/21/2018,"2,118.36"
02/20/2018,"2,126.22"
02/19/2018,"2,135.94"
02/16/2018,"2,137.91"
02/15/2018,"2,130.94"
02/14/2018,"2,105.86"
02/13/2018,"2,080.68"
02/12/2018,"2,075.91"
02/09/2018,"2,050.90"
02/08/2018,"2,045.01"
02/07/2018,"2,101.07"
02/06/2018,"2,098.85"
02/05/2018,"2,103.64"
02/02/2018,"2,171.54"
02/01/2018,"2,212.53"
01/31/2018,"2,213.24"
01/30/2018,"2,214.11"
01/29/2018,"2,234.22"
01/26/2018,"2,248.93"
01/25/2018,"2,234.38"
01/24/2018,"2,232.30"
01/23/2018,"2,230.05"
01/22/2018,"2,221.01"
01/19/2018,"2,207.40"
01/18/2018,"2,196.73"
01/17/2018,"2,199.93"
01/16/2018,"2,188.39"
01/15/2018,"2,193.95"
01/12/2018,"2,185.31"
01/11/2018,"2,171.78"
01/10/2018,"2,162.29"
01/09/2018,"2,161.78"
01/08/2018,"2,157.96"
01/05/2018,"2,156.60"
01/04/2018,"2,142.75"
01/03/2018,"2,125.65"
01/02/2018,"2,116.04"
01/01/2018,"2,103.47"
12/29/2017,"2,103.45"
12/28/2017,"2,106.89"
12/27/2017,"2,103.19"
12/26/2017,"2,099.31"
12/25/2017,"2,099.94"
12/22/2017,"2,099.59"
12/21/2017,"2,100.78"
12/20/2017,"2,095.44"
12/19/2017,"2,096.34"
12/18/2017,"2,104.02"
12/15/2017,"2,085.54"
12/14/2017,"2,077.55"
12/13/2017,"2,084.37"
12/12/2017,"2,083.43"
12/11/2017,"2,081.24"
12/08/2017,"2,073.46"
12/07/2017,"2,063.58"
12/06/2017,"2,058.22"
12/05/2017,"2,063.64"
12/04/2017,"2,069.99"
12/01/2017,"2,069.37"
11/30/2017,"2,077.36"
11/29/2017,"2,066.22"
11/28/2017,"2,066.55"
11/27/2017,"2,055.77"
11/24/2017,"2,059.54"
11/23/2017,"2,053.28"
11/22/2017,"2,050.06"
11/21/2017,"2,047.15"
11/20/2017,"2,035.73"
11/17/2017,"2,033.18"
11/16/2017,"2,035.81"
11/15/2017,"2,021.03"
11/14/2017,"2,031.88"
11/13/2017,"2,035.71"
11/10/2017,"2,040.25"
11/09/2017,"2,042.36"
11/08/2017,"2,050.70"
11/07/2017,"2,046.78"
11/06/2017,"2,046.80"
11/03/2017,"2,045.47"
11/02/2017,"2,043.24"
11/01/2017,"2,041.17"
10/31/2017,"2,036.80"
10/30/2017,"2,034.59"
10/27/2017,"2,034.60"
10/26/2017,"2,025.69"
10/25/2017,"2,023.48"
10/24/2017,"2,031.38"
10/23/2017,"2,030.06"
10/20/2017,"2,035.58"
10/19/2017,"2,033.29"
10/18/2017,"2,030.44"
10/17/2017,"2,027.36"
10/16/2017,"2,029.89"
10/13/2017,"2,028.01"
10/12/2017,"2,023.64"
10/11/2017,"2,024.54"
10/10/2017,"2,021.55"
10/09/2017,"2,013.12"
10/06/2017,"2,014.02"
10/05/2017,"2,016.15"
10/04/2017,"2,010.95"
10/03/2017,"2,009.63"
10/02/2017,"2,004.67"
09/29/2017,"2,000.55"
09/28/2017,"1,992.36"
09/27/2017,"1,988.00"
09/26/2017,"1,983.25"
09/25/2017,"1,989.08"
09/22/2017,"1,994.58"
09/21/2017,"1,990.33"
09/20/2017,"1,998.69"
09/19/2017,"1,996.09"
09/18/2017,"1,990.58"
09/15/2017,"1,987.72"
09/14/2017,"1,983.42"
09/13/2017,"1,986.74"
09/12/2017,"1,988.28"
09/11/2017,"1,981.97"
09/08/2017,"1,964.52"
09/07/2017,"1,964.57"
09/06/2017,"1,959.15"
09/05/2017,"1,954.64"
09/04/2017,"1,963.32"
09/01/2017,"1,965.79"
08/31/2017,"1,959.74"
08/30/2017,"1,947.53"
08/29/2017,"1,945.05"
08/28/2017,"1,946.28"
08/25/2017,"1,944.56"
08/24/2017,"1,939.65"
08/23/2017,"1,942.15"
08/22/2017,"1,945.18"
08/21/2017,"1,932.22"
08/18/2017,"1,930.40"
08/17/2017,"1,936.32"
08/16/2017,"1,954.04"
08/15/2017,"1,949.23"
08/14/2017,"1,952.58"
08/11/2017,"1,937.73"
08/10/2017,"1,940.28"
08/09/2017,"1,961.88"
08/08/2017,"1,966.81"
08/07/2017,"1,971.76"
08/04/2017,"1,967.77"
08/03/2017,"1,968.72"
08/02/2017,"1,970.29"
08/01/2017,"1,970.39"
07/31/2017,"1,961.10"
07/28/2017,"1,960.32"
07/27/2017,"1,963.54"
07/26/2017,"1,961.90"
07/25/2017,"1,960.59"
07/24/2017,"1,954.84"
07/21/2017,"1,958.77"
07/20/2017,"1,963.31"
07/19/2017,"1,958.56"
07/18/2017,"1,949.66"
07/17/2017,"1,948.58"
07/14/2017,"1,948.07"
07/13/2017,"1,936.94"
07/12/2017,"1,932.86"
07/11/2017,"1,915.67"
07/10/2017,"1,917.11"
07/07/2017,"1,913.18"
07/06/2017,"1,909.01"
07/05/2017,"1,920.33"
07/04/2017,"1,918.90"
07/03/2017,"1,920.58"
06/30/2017,"1,916.43"
06/29/2017,"1,919.59"
06/28/2017,"1,931.73"
06/27/2017,"1,917.57"
06/26/2017,"1,927.49"
06/23/2017,"1,925.01"
06/22/2017,"1,921.54"
06/21/2017,"1,920.00"
06/20/2017,"1,922.54"
06/19/2017,"1,936.52"
06/16/2017,"1,923.24"
06/15/2017,"1,916.52"
06/14/2017,"1,930.52"
06/13/2017,"1,928.74"
06/12/2017,"1,918.70"
06/09/2017,"1,922.79"
06/08/2017,"1,924.20"
06/07/2017,"1,927.06"
06/06/2017,"1,926.05"
06/05/2017,"1,931.73"
06/02/2017,"1,935.21"
06/01/2017,"1,923.10"
05/31/2017,"1,911.74"
05/30/2017,"1,909.90"
05/29/2017,"1,911.70"
05/26/2017,"1,912.21"
05/25/2017,"1,914.59"
05/24/2017,"1,907.81"
05/23/2017,"1,906.69"
05/22/2017,"1,904.92"
05/19/2017,"1,894.77"
05/18/2017,"1,880.96"
05/17/2017,"1,882.62"
05/16/2017,"1,906.23"
05/15/2017,"1,901.64"
05/12/2017,"1,892.97"
05/11/2017,"1,891.21"
05/10/2017,"1,895.93"
05/09/2017,"1,893.41"
05/08/2017,"1,897.32"
05/05/2017,"1,896.75"
05/04/2017,"1,886.48"
05/03/2017,"1,883.13"
05/02/2017,"1,886.15"
05/01/2017,"1,882.49"
04/28/2017,"1,878.28"
04/27/2017,"1,881.14"
04/26/2017,"1,882.44"
04/25/2017,"1,882.04"
04/24/2017,"1,871.65"
04/21/2017,"1,842.06"
04/20/2017,"1,846.65"
04/19/2017,"1,835.04"
04/18/2017,"1,837.34"
04/17/2017,"1,846.13"
04/14/2017,"1,832.28"
04/13/2017,"1,833.12"
04/12/2017,"1,842.98"
04/11/2017,"1,847.88"
04/10/2017,"1,846.78"
04/07/2017,"1,845.46"
04/06/2017,"1,846.59"
04/05/2017,"1,845.95"
04/04/2017,"1,850.02"
04/03/2017,"1,848.97"
03/31/2017,"1,853.69"
03/30/2017,"1,859.95"
03/29/2017,"1,856.76"
03/28/2017,"1,858.88"
03/27/2017,"1,845.15"
03/24/2017,"1,845.81"
03/23/2017,"1,844.97"
03/22/2017,"1,842.63"
03/21/2017,"1,846.39"
03/20/2017,"1,860.53"
03/17/2017,"1,863.08"
03/16/2017,"1,864.10"
03/15/2017,"1,854.15"
03/14/2017,"1,842.98"
03/13/2017,"1,850.02"
03/10/2017,"1,845.88"
03/09/2017,"1,835.90"
03/08/2017,"1,834.72"
03/07/2017,"1,840.57"
03/06/2017,"1,845.70"
03/03/2017,"1,848.98"
03/02/2017,"1,848.84"
03/01/2017,"1,856.34"
02/28/2017,"1,838.70"
02/27/2017,"1,841.57"
02/24/2017,"1,840.80"
02/23/2017,"1,845.35"
02/22/2017,"1,842.37"
02/21/2017,"1,843.05"
02/20/2017,"1,836.78"
02/17/2017,"1,836.50"
02/16/2017,"1,836.56"
02/15/2017,"1,833.55"
02/14/2017,"1,823.63"
02/13/2017,"1,823.34"
02/10/2017,"1,814.71"
02/09/2017,"1,807.54"
02/08/2017,"1,802.26"
02/07/2017,"1,797.29"
02/06/2017,"1,798.21"
02/03/2017,"1,805.51"
02/02/2017,"1,795.11"
02/01/2017,"1,793.39"
01/31/2017,"1,792.40"
01/30/2017,"1,792.06"
01/27/2017,"1,803.39"
01/26/2017,"1,803.75"
01/25/2017,"1,805.81"
01/24/2017,"1,790.57"
01/23/2017,"1,781.43"
01/20/2017,"1,782.71"
01/19/2017,"1,776.02"
01/18/2017,"1,785.69"
01/17/2017,"1,782.86"
01/16/2017,"1,783.76"
01/13/2017,"1,788.23"
01/12/2017,"1,783.44"
01/11/2017,"1,778.17"
01/10/2017,"1,779.62"
01/09/2017,"1,776.94"
01/06/2017,"1,783.10"
01/05/2017,"1,782.46"
01/04/2017,"1,773.96"
01/03/2017,"1,757.99"
01/02/2017,"1,753.09"
12/30/2016,"1,751.22"
12/29/2016,"1,752.96"
12/28/2016,"1,750.48"
12/27/2016,"1,760.56"
12/26/2016,"1,758.48"
12/23/2016,"1,759.15"
12/22/2016,"1,757.83"
12/21/2016,"1,760.09"
12/20/2016,"1,761.43"
12/19/2016,"1,758.82"
12/16/2016,"1,754.74"
12/15/2016,"1,754.51"
12/14/2016,"1,763.72"
12/13/2016,"1,774.01"
12/12/2016,"1,760.25"
12/09/2016,"1,760.12"
12/08/2016,"1,752.94"
12/07/2016,"1,749.31"
12/06/2016,"1,727.82"
12/05/2016,"1,718.10"
12/02/2016,"1,708.94"
12/01/2016,"1,708.64"
11/30/2016,"1,712.09"
11/29/2016,"1,715.42"
11/28/2016,"1,712.98"
11/25/2016,"1,720.84"
11/24/2016,"1,713.27"
11/23/2016,"1,709.71"
11/22/2016,"1,713.07"
11/21/2016,"1,710.49"
11/18/2016,"1,697.35"
11/17/2016,"1,706.98"
11/16/2016,"1,698.41"
11/15/2016,"1,701.82"
11/14/2016,"1,692.31"
11/11/2016,"1,696.99"
11/10/2016,"1,701.29"
11/09/2016,"1,696.46"
11/08/2016,"1,691.74"
11/07/2016,"1,685.62"
11/04/2016,"1,660.12"
11/03/2016,"1,667.03"
11/02/2016,"1,672.83"
11/01/2016,"1,683.96"
10/31/2016,"1,690.92"
10/28/2016,"1,690.96"
10/27/2016,"1,694.66"
10/26/2016,"1,699.92"
10/25/2016,"1,701.20"
10/24/2016,"1,706.24"
10/21/2016,"1,701.16"
10/20/2016,"1,704.04"
10/19/2016,"1,706.74"
10/18/2016,"1,701.10"
10/17/2016,"1,687.84"
10/14/2016,"1,693.71"
10/13/2016,"1,689.62"
10/12/2016,"1,695.54"
10/11/2016,"1,700.33"
10/10/2016,"1,719.29"
10/07/2016,"1,712.40"
10/06/2016,"1,718.40"
10/05/2016,"1,721.14"
10/04/2016,"1,717.82"
10/03/2016,"1,722.82"
09/30/2016,"1,725.67"
09/29/2016,"1,719.77"
09/28/2016,"1,725.63"
09/27/2016,"1,719.88"
09/26/2016,"1,714.85"
09/23/2016,"1,729.70"
09/22/2016,"1,740.55"
09/21/2016,"1,721.69"
09/20/2016,"1,703.23"
09/19/2016,"1,703.08"
09/16/2016,"1,696.31"
09/15/2016,"1,704.84"
09/14/2016,"1,692.53"
09/13/2016,"1,694.83"
09/12/2016,"1,715.76"
09/09/2016,"1,707.94"
09/08/2016,"1,744.44"
09/07/2016,"1,747.47"
09/06/2016,"1,745.89"
09/05/2016,"1,737.39"
09/02/2016,"1,734.60"
09/01/2016,"1,723.55"
08/31/2016,"1,719.52"
08/30/2016,"1,723.65"
08/29/2016,"1,725.57"
08/26/2016,"1,726.08"
08/25/2016,"1,727.30"
08/24/2016,"1,731.17"
08/23/2016,"1,738.55"
08/22/2016,"1,732.61"
08/19/2016,"1,731.85"
08/18/2016,"1,736.83"
08/17/2016,"1,731.64"
08/16/2016,"1,730.94"
08/15/2016,"1,739.43"
08/12/2016,"1,736.10"
08/11/2016,"1,735.80"
08/10/2016,"1,727.49"
08/09/2016,"1,728.52"
08/08/2016,"1,719.91"
08/05/2016,"1,716.65"
08/04/2016,"1,707.69"
08/03/2016,"1,703.43"
08/02/2016,"1,706.52"
08/01/2016,"1,717.67"
07/29/2016,"1,721.79"
07/28/2016,"1,707.59"
07/27/2016,"1,706.35"
07/26/2016,"1,705.99"
07/25/2016,"1,703.94"
07/22/2016,"1,706.97"
07/21/2016,"1,705.40"
07/20/2016,"1,707.32"
07/19/2016,"1,698.72"
07/18/2016,"1,703.93"
07/15/2016,"1,700.57"
07/14/2016,"1,703.22"
07/13/2016,"1,694.38"
07/12/2016,"1,690.69"
07/11/2016,"1,676.15"
07/08/2016,"1,662.32"
07/07/2016,"1,643.93"
07/06/2016,"1,640.74"
07/05/2016,"1,645.54"
07/04/2016,"1,660.88"
07/01/2016,"1,660.26"
06/30/2016,"1,653.23"
06/29/2016,"1,634.41"
06/28/2016,"1,599.12"
06/27/2016,"1,571.76"
06/24/2016,"1,608.79"
06/23/2016,"1,691.76"
06/22/2016,"1,667.91"
06/21/2016,"1,668.78"
06/20/2016,"1,664.14"
06/17/2016,"1,635.78"
06/16/2016,"1,628.13"
06/15/2016,"1,633.80"
06/14/2016,"1,630.45"
06/13/2016,"1,645.64"
06/10/2016,"1,665.22"
06/09/2016,"1,688.66"
06/08/2016,"1,699.29"
06/07/2016,"1,694.29"
06/06/2016,"1,686.39"
06/03/2016,"1,678.58"
06/02/2016,"1,673.77"
06/01/2016,"1,672.86"
05/31/2016,"1,674.61"
05/30/2016,"1,676.84"
05/27/2016,"1,676.07"
05/26/2016,"1,672.12"
05/25/2016,"1,668.87"
05/24/2016,"1,654.36"
05/23/2016,"1,635.62"
05/20/2016,"1,639.85"
05/19/2016,"1,627.61"
05/18/2016,"1,641.15"
05/17/2016,"1,641.63"
05/16/2016,"1,648.49"
05/13/2016,"1,635.92"
05/12/2016,"1,649.91"
05/11/2016,"1,653.38"
05/10/2016,"1,662.31"
05/09/2016,"1,642.89"
05/06/2016,"1,643.19"
05/05/2016,"1,641.16"
05/04/2016,"1,644.01"
05/03/2016,"1,658.64"
05/02/2016,"1,675.64"
04/29/2016,"1,670.80"
04/28/2016,"1,677.34"
04/27/2016,"1,685.95"
04/26/2016,"1,685.65"
04/25/2016,"1,682.68"
04/22/2016,"1,686.17"
04/21/2016,"1,690.45"
04/20/2016,"1,695.05"
04/19/2016,"1,692.91"
04/18/2016,"1,675.32"
04/15/2016,"1,670.47"
04/14/2016,"1,671.96"
04/13/2016,"1,666.17"
04/12/2016,"1,644.22"
04/11/2016,"1,632.14"
04/08/2016,"1,632.20"
04/07/2016,"1,621.66"
04/06/2016,"1,633.41"
04/05/2016,"1,618.53"
04/04/2016,"1,640.75"
04/01/2016,"1,640.14"
03/31/2016,"1,648.12"
03/30/2016,"1,652.89"
03/29/2016,"1,635.87"
03/28/2016,"1,627.63"
03/25/2016,"1,623.71"
03/24/2016,"1,622.21"
03/23/2016,"1,631.27"
03/22/2016,"1,643.58"
03/21/2016,"1,643.68"
03/18/2016,"1,645.57"
03/17/2016,"1,643.00"
03/16/2016,"1,621.47"
03/15/2016,"1,619.16"
03/14/2016,"1,627.50"
03/11/2016,"1,626.17"
03/10/2016,"1,597.09"
03/09/2016,"1,598.47"
03/08/2016,"1,593.66"
03/07/2016,"1,607.63"
03/04/2016,"1,608.04"
03/03/2016,"1,598.26"
03/02/2016,"1,588.08"
03/01/2016,"1,575.31"
02/29/2016,"1,547.17"
02/26/2016,"1,554.47"
02/25/2016,"1,553.90"
02/24/2016,"1,534.69"
02/23/2016,"1,540.70"
02/22/2016,"1,558.02"
02/19/2016,"1,538.17"
02/18/2016,"1,543.51"
02/17/2016,"1,544.32"
02/16/2016,"1,519.94"
02/15/2016,"1,503.96"
02/12/2016,"1,486.45"
02/11/2016,"1,468.90"
02/10/2016,"1,486.76"
02/09/2016,"1,488.54"
02/08/2016,"1,498.54"
02/05/2016,"1,523.87"
02/04/2016,"1,548.86"
02/03/2016,"1,540.87"
02/02/2016,"1,538.92"
02/01/2016,"1,566.56"
01/29/2016,"1,562.18"
01/28/2016,"1,532.68"
01/27/2016,"1,531.38"
01/26/2016,"1,535.76"
01/25/2016,"1,521.15"
01/22/2016,"1,536.79"
01/21/2016,"1,497.87"
01/20/2016,"1,491.73"
01/19/2016,"1,520.49"
01/18/2016,"1,514.05"
01/15/2016,"1,521.00"
01/14/2016,"1,549.06"
01/13/2016,"1,544.28"
01/12/2016,"1,561.68"
01/11/2016,"1,557.59"
01/08/2016,"1,561.47"
01/07/2016,"1,576.32"
01/06/2016,"1,610.17"
01/05/2016,"1,630.64"
01/04/2016,"1,630.89"
12/31/2015,"1,662.79"
12/30/2015,"1,676.43"
12/29/2015,"1,685.62"
12/28/2015,"1,670.39"
12/25/2015,"1,673.30"
12/24/2015,"1,674.00"
12/23/2015,"1,671.51"
12/22/2015,"1,650.17"
12/21/2015,"1,638.91"
12/18/2015,"1,633.75"
12/17/2015,"1,655.22"
12/16/2015,"1,668.73"
12/15/2015,"1,646.69"
12/14/2015,"1,632.28"
12/11/2015,"1,637.83"
12/10/2015,"1,663.88"
12/09/2015,"1,664.37"
12/08/2015,"1,670.68"
12/07/2015,"1,686.58"
12/04/2015,"1,694.78"
12/03/2015,"1,678.23"
12/02/2015,"1,696.23"
12/01/2015,"1,710.12"
11/30/2015,"1,694.40"
11/27/2015,"1,700.29"
11/26/2015,"1,703.84"
11/25/2015,"1,697.83"
11/24/2015,"1,695.46"
11/23/2015,"1,697.30"
11/20/2015,"1,702.83"
11/19/2015,"1,700.56"
11/18/2015,"1,691.55"
11/17/2015,"1,676.10"
11/16/2015,"1,667.45"
11/13/2015,"1,654.30"
11/12/2015,"1,671.49"
11/11/2015,"1,691.88"
11/10/2015,"1,690.51"
11/09/2015,"1,691.60"
11/06/2015,"1,704.39"
11/05/2015,"1,710.77"
11/04/2015,"1,713.87"
11/03/2015,"1,717.39"
11/02/2015,"1,715.18"
10/30/2015,"1,705.80"
10/29/2015,"1,706.61"
10/28/2015,"1,714.13"
10/27/2015,"1,696.24"
10/26/2015,"1,704.98"
10/23/2015,"1,706.61"
10/22/2015,"1,689.33"
10/21/2015,"1,672.87"
10/20/2015,"1,677.52"
10/19/2015,"1,679.92"
10/16/2015,"1,683.55"
10/15/2015,"1,675.77"
10/14/2015,"1,653.01"
10/13/2015,"1,661.07"
10/12/2015,"1,674.39"
10/09/2015,"1,673.77"
10/08/2015,"1,663.57"
10/07/2015,"1,653.47"
10/06/2015,"1,640.98"
10/05/2015,"1,637.49"
10/02/2015,"1,607.13"
10/01/2015,"1,587.98"
09/30/2015,"1,581.92"
09/29/2015,"1,550.43"
09/28/2015,"1,560.04"
09/25/2015,"1,594.70"
09/24/2015,"1,587.38"
09/23/2015,"1,596.66"
09/22/2015,"1,600.76"
09/21/2015,"1,628.93"
09/18/2015,"1,630.69"
09/17/2015,"1,652.88"
09/16/2015,"1,653.81"
09/15/2015,"1,634.01"
09/14/2015,"1,620.28"
09/11/2015,"1,626.99"
09/10/2015,"1,625.40"
09/09/2015,"1,628.18"
09/08/2015,"1,627.09"
09/07/2015,"1,598.65"
09/04/2015,"1,595.71"
09/03/2015,"1,622.94"
09/02/2015,"1,615.67"
09/01/2015,"1,600.71"
08/31/2015,"1,645.43"
08/28/2015,"1,658.07"
08/27/2015,"1,650.53"
08/26/2015,"1,616.48"
08/25/2015,"1,583.86"
08/24/2015,"1,589.50"
08/21/2015,"1,650.96"
08/20/2015,"1,697.25"
08/19/2015,"1,726.01"
08/18/2015,"1,744.20"
08/17/2015,"1,749.08"
08/14/2015,"1,743.89"
08/13/2015,"1,741.43"
08/12/2015,"1,742.42"
08/11/2015,"1,749.63"
08/10/2015,"1,766.62"
08/07/2015,"1,747.34"
08/06/2015,"1,752.67"
08/05/2015,"1,762.75"
08/04/2015,"1,758.87"
08/03/2015,"1,761.18"
07/31/2015,"1,765.60"
07/30/2015,"1,759.77"
07/29/2015,"1,760.69"
07/28/2015,"1,747.06"
07/27/2015,"1,733.58"
07/24/2015,"1,745.50"
07/23/2015,"1,762.80"
07/22/2015,"1,766.64"
07/21/2015,"1,777.86"
07/20/2015,"1,782.19"
07/17/2015,"1,780.83"
07/16/2015,"1,781.91"
07/15/2015,"1,768.12"
07/14/2015,"1,769.41"
07/13/2015,"1,758.69"
07/10/2015,"1,743.32"
07/09/2015,"1,717.47"
07/08/2015,"1,706.87"
07/07/2015,"1,724.95"
07/06/2015,"1,729.50"
07/03/2015,"1,744.49"
07/02/2015,"1,747.25"
07/01/2015,"1,747.18"
06/30/2015,"1,735.61"
06/29/2015,"1,737.60"
06/26/2015,"1,776.22"
06/25/2015,"1,781.48"
06/24/2015,"1,785.70"
06/23/2015,"1,795.98"
06/22/2015,"1,796.12"
06/19/2015,"1,774.88"
06/18/2015,"1,780.62"
06/17/2015,"1,762.11"
06/16/2015,"1,763.68"
06/15/2015,"1,757.09"
06/12/2015,"1,770.17"
06/11/2015,"1,779.45"
06/10/2015,"1,776.71"
06/09/2015,"1,751.65"
06/08/2015,"1,752.20"
06/05/2015,"1,760.43"
06/04/2015,"1,775.44"
06/03/2015,"1,789.91"
06/02/2015,"1,782.39"
06/01/2015,"1,778.28"
05/29/2015,"1,779.31"
05/28/2015,"1,791.35"
05/27/2015,"1,793.60"
05/26/2015,"1,781.14"
05/25/2015,"1,803.82"
05/22/2015,"1,803.50"
05/21/2015,"1,810.84"
05/20/2015,"1,803.95"
05/19/2015,"1,803.72"
05/18/2015,"1,808.73"
05/15/2015,"1,807.06"
05/14/2015,"1,803.42"
05/13/2015,"1,789.97"
05/12/2015,"1,784.91"
05/11/2015,"1,789.09"
05/08/2015,"1,794.70"
05/07/2015,"1,769.25"
05/06/2015,"1,772.82"
05/05/2015,"1,773.42"
05/04/2015,"1,790.83"
05/01/2015,"1,787.40"
04/30/2015,"1,778.40"
04/29/2015,"1,795.87"
04/28/2015,"1,803.39"
04/27/2015,"1,801.57"
04/24/2015,"1,799.86"
04/23/2015,"1,792.31"
04/22/2015,"1,786.77"
04/21/2015,"1,781.95"
04/20/2015,"1,779.12"
04/17/2015,"1,769.01"
04/16/2015,"1,786.58"
04/15/2015,"1,783.79"
04/14/2015,"1,779.85"
04/13/2015,"1,772.08"
04/10/2015,"1,779.47"
04/09/2015,"1,771.86"
04/08/2015,"1,766.44"
04/07/2015,"1,764.24"
04/06/2015,"1,764.49"
04/03/2015,"1,750.26"
04/02/2015,"1,749.34"
04/01/2015,"1,738.15"
03/31/2015,"1,740.81"
03/30/2015,"1,757.31"
03/27/2015,"1,744.82"
03/26/2015,"1,744.90"
03/25/2015,"1,756.48"
03/24/2015,"1,772.41"
03/23/2015,"1,778.00"
03/20/2015,"1,774.57"
03/19/2015,"1,751.31"
03/18/2015,"1,754.10"
03/17/2015,"1,736.63"
03/16/2015,"1,740.09"
03/13/2015,"1,719.82"
03/12/2015,"1,728.62"
03/11/2015,"1,710.79"
03/10/2015,"1,712.55"
03/09/2015,"1,741.84"
03/06/2015,"1,741.99"
03/05/2015,"1,763.74"
03/04/2015,"1,760.91"
03/03/2015,"1,768.57"
03/02/2015,"1,776.65"
02/27/2015,"1,772.86"
02/26/2015,"1,773.99"
02/25/2015,"1,776.86"
02/24/2015,"1,774.92"
02/23/2015,"1,770.35"
02/20/2015,"1,768.09"
02/19/2015,"1,760.80"
02/18/2015,"1,759.04"
02/17/2015,"1,754.80"
02/16/2015,"1,752.91"
02/13/2015,"1,752.18"
02/12/2015,"1,741.22"
02/11/2015,"1,721.58"
02/10/2015,"1,725.83"
02/09/2015,"1,714.23"
02/06/2015,"1,720.55"
02/05/2015,"1,727.49"
02/04/2015,"1,715.13"
02/03/2015,"1,715.22"
02/02/2015,"1,694.35"
01/30/2015,"1,677.54"
01/29/2015,"1,693.81"
01/28/2015,"1,689.20"
01/27/2015,"1,705.60"
01/26/2015,"1,712.55"
01/23/2015,"1,707.74"
01/22/2015,"1,710.47"
01/21/2015,"1,694.34"
01/20/2015,"1,685.27"
01/19/2015,"1,681.90"
01/16/2015,"1,675.15"
01/15/2015,"1,662.44"
01/14/2015,"1,665.38"
01/13/2015,"1,678.19"
01/12/2015,"1,676.71"
01/09/2015,"1,683.80"
01/08/2015,"1,694.17"
01/07/2015,"1,662.22"
01/06/2015,"1,654.38"
01/05/2015,"1,671.25"
01/02/2015,"1,704.71"
01/01/2015,"1,709.68"
12/31/2014,"1,709.67"
12/30/2014,"1,721.01"
12/29/2014,"1,731.71"
12/26/2014,"1,729.42"
12/24/2014,"1,726.23"
12/23/2014,"1,724.10"
12/22/2014,"1,723.26"
12/19/2014,"1,717.00"
12/18/2014,"1,706.33"
12/17/2014,"1,672.48"
12/16/2014,"1,655.52"
12/15/2014,"1,654.56"
12/12/2014,"1,675.04"
12/11/2014,"1,699.05"
12/10/2014,"1,698.43"
12/09/2014,"1,721.97"
12/08/2014,"1,726.47"
12/05/2014,"1,738.52"
12/04/2014,"1,736.63"
12/03/2014,"1,739.73"
12/02/2014,"1,735.99"
12/01/2014,"1,729.89"
11/28/2014,"1,739.50"
11/27/2014,"1,744.71"
11/26/2014,"1,748.00"
11/25/2014,"1,742.82"
11/24/2014,"1,740.09"
11/21/2014,"1,737.24"
11/20/2014,"1,725.47"
11/19/2014,"1,724.73"
11/18/2014,"1,728.23"
11/17/2014,"1,714.97"
11/14/2014,"1,717.20"
11/13/2014,"1,716.24"
11/12/2014,"1,715.03"
11/11/2014,"1,716.83"
11/10/2014,"1,714.60"
11/07/2014,"1,707.01"
11/06/2014,"1,707.53"
11/05/2014,"1,706.51"
11/04/2014,"1,698.22"
11/03/2014,"1,699.09"
10/31/2014,"1,708.09"
10/30/2014,"1,689.22"
10/29/2014,"1,686.35"
10/28/2014,"1,684.54"
10/27/2014,"1,666.82"
10/24/2014,"1,667.88"
10/23/2014,"1,659.97"
10/22/2014,"1,647.21"
10/21/2014,"1,651.14"
10/20/2014,"1,626.05"
10/17/2014,"1,613.56"
10/16/2014,"1,592.60"
10/15/2014,"1,595.21"
10/14/2014,"1,610.74"
10/13/2014,"1,613.61"
10/10/2014,"1,626.68"
10/09/2014,"1,652.93"
10/08/2014,"1,673.48"
10/07/2014,"1,661.36"
10/06/2014,"1,679.82"
10/03/2014,"1,675.29"
10/02/2014,"1,667.98"
10/01/2014,"1,679.18"
09/30/2014,"1,698.41"
09/29/2014,"1,702.18"
09/26/2014,"1,707.87"
09/25/2014,"1,703.09"
09/24/2014,"1,723.67"
09/23/2014,"1,716.23"
09/22/2014,"1,726.47"
09/19/2014,"1,740.32"
09/18/2014,"1,742.74"
09/17/2014,"1,735.35"
09/16/2014,"1,732.55"
09/15/2014,"1,726.86"
09/12/2014,"1,729.50"
09/11/2014,"1,736.99"
09/10/2014,"1,735.79"
09/09/2014,"1,733.21"
09/08/2014,"1,744.28"
09/05/2014,"1,750.61"
09/04/2014,"1,748.59"
09/03/2014,"1,751.97"
09/02/2014,"1,747.20"
09/01/2014,"1,748.31"
08/29/2014,"1,748.67"
08/28/2014,"1,744.35"
08/27/2014,"1,750.68"
08/26/2014,"1,749.14"
08/25/2014,"1,745.24"
08/22/2014,"1,735.94"
08/21/2014,"1,741.88"
08/20/2014,"1,735.79"
08/19/2014,"1,734.87"
08/18/2014,"1,727.38"
08/15/2014,"1,714.24"
08/14/2014,"1,715.71"
08/13/2014,"1,708.74"
08/12/2014,"1,699.35"
08/11/2014,"1,701.61"
08/08/2014,"1,690.57"
08/07/2014,"1,684.71"
08/06/2014,"1,693.13"
08/05/2014,"1,698.22"
08/04/2014,"1,710.14"
08/01/2014,"1,705.73"
07/31/2014,"1,714.33"
07/30/2014,"1,740.19"
07/29/2014,"1,744.20"
07/28/2014,"1,748.23"
07/25/2014,"1,748.23"
07/24/2014,"1,756.25"
07/23/2014,"1,754.10"
07/22/2014,"1,750.75"
07/21/2014,"1,740.10"
07/18/2014,"1,744.29"
07/17/2014,"1,735.09"
07/16/2014,"1,751.49"
07/15/2014,"1,741.43"
07/14/2014,"1,747.03"
07/11/2014,"1,736.00"
07/10/2014,"1,734.48"
07/09/2014,"1,746.05"
07/08/2014,"1,741.64"
07/07/2014,"1,754.80"
07/04/2014,"1,763.44"
07/03/2014,"1,764.12"
07/02/2014,"1,756.96"
07/01/2014,"1,754.76"
06/30/2014,"1,743.42"
06/27/2014,"1,740.86"
06/26/2014,"1,737.27"
06/25/2014,"1,738.16"
06/24/2014,"1,737.82"
06/23/2014,"1,746.29"
06/20/2014,"1,747.43"
06/19/2014,"1,748.41"
06/18/2014,"1,737.77"
06/17/2014,"1,728.74"
06/16/2014,"1,726.99"
06/13/2014,"1,727.21"
06/12/2014,"1,725.49"
06/11/2014,"1,731.20"
06/10/2014,"1,735.32"
06/09/2014,"1,735.98"
06/06/2014,"1,734.47"
06/05/2014,"1,725.60"
06/04/2014,"1,717.76"
06/03/2014,"1,715.82"
06/02/2014,"1,717.27"
05/30/2014,"1,715.18"
05/29/2014,"1,713.25"
05/28/2014,"1,706.15"
05/27/2014,"1,707.67"
05/26/2014,"1,703.18"
05/23/2014,"1,697.94"
05/22/2014,"1,692.36"
05/21/2014,"1,686.51"
05/20/2014,"1,678.01"
05/19/2014,"1,685.88"
05/16/2014,"1,683.69"
05/15/2014,"1,682.34"
05/14/2014,"1,694.80"
05/13/2014,"1,697.99"
05/12/2014,"1,694.88"
05/09/2014,"1,683.36"
05/08/2014,"1,686.79"
05/07/2014,"1,684.04"
05/06/2014,"1,683.52"
05/05/2014,"1,689.77"
05/02/2014,"1,688.99"
05/01/2014,"1,690.39"
04/30/2014,"1,687.74"
04/29/2014,"1,682.38"
04/28/2014,"1,672.65"
04/25/2014,"1,670.76"
04/24/2014,"1,681.16"
04/23/2014,"1,679.25"
04/22/2014,"1,681.98"
04/21/2014,"1,672.40"
04/18/2014,"1,670.60"
04/17/2014,"1,669.81"
04/16/2014,"1,664.85"
04/15/2014,"1,646.67"
04/14/2014,"1,644.36"
04/11/2014,"1,638.43"
04/10/2014,"1,656.09"
04/09/2014,"1,675.32"
04/08/2014,"1,663.77"
04/07/2014,"1,659.29"
04/04/2014,"1,676.25"
04/03/2014,"1,685.14"
04/02/2014,"1,687.46"
04/01/2014,"1,683.70"
03/31/2014,"1,673.87"
03/28/2014,"1,661.84"
03/27/2014,"1,653.12"
03/26/2014,"1,654.34"
03/25/2014,"1,655.69"
03/24/2014,"1,645.97"
03/21/2014,"1,653.38"
03/20/2014,"1,654.32"
03/19/2014,"1,658.05"
03/18/2014,"1,665.49"
03/17/2014,"1,653.94"
03/14/2014,"1,641.13"
03/13/2014,"1,651.68"
03/12/2014,"1,665.55"
03/11/2014,"1,672.19"
03/10/2014,"1,676.53"
03/07/2014,"1,681.17"
03/06/2014,"1,686.11"
03/05/2014,"1,679.06"
03/04/2014,"1,677.85"
03/03/2014,"1,655.42"
02/28/2014,"1,675.40"
02/27/2014,"1,668.40"
02/26/2014,"1,664.85"
02/25/2014,"1,669.41"
02/24/2014,"1,668.31"
02/21/2014,"1,659.85"
02/20/2014,"1,656.01"
02/19/2014,"1,655.04"
02/18/2014,"1,660.54"
02/17/2014,"1,653.55"
02/14/2014,"1,650.12"
02/13/2014,"1,643.19"
02/12/2014,"1,637.71"
02/11/2014,"1,634.47"
02/10/2014,"1,616.78"
02/07/2014,"1,611.78"
02/06/2014,"1,592.69"
02/05/2014,"1,572.37"
02/04/2014,"1,569.93"
02/03/2014,"1,571.92"
01/31/2014,"1,598.46"
01/30/2014,"1,607.46"
01/29/2014,"1,603.67"
01/28/2014,"1,611.35"
01/27/2014,"1,604.92"
01/24/2014,"1,618.36"
01/23/2014,"1,650.45"
01/22/2014,"1,661.74"
01/21/2014,"1,659.49"
01/20/2014,"1,657.11"
01/17/2014,"1,657.32"
01/16/2014,"1,659.34"
01/15/2014,"1,660.00"
01/14/2014,"1,651.73"
01/13/2014,"1,645.41"
01/10/2014,"1,655.11"
01/09/2014,"1,646.37"
01/08/2014,"1,650.17"
01/07/2014,"1,647.65"
01/06/2014,"1,641.16"
01/03/2014,"1,646.05"
01/02/2014,"1,645.22"
01/01/2014,"1,661.09"
12/31/2013,"1,661.07"
12/30/2013,"1,656.15"
12/27/2013,"1,654.16"
12/26/2013,"1,646.28"
12/25/2013,"1,639.73"
12/24/2013,"1,639.65"
12/23/2013,"1,637.28"
12/20/2013,"1,626.66"
12/19/2013,"1,618.38"
12/18/2013,"1,613.75"
12/17/2013,"1,592.79"
12/16/2013,"1,598.21"
12/13/2013,"1,587.69"
12/12/2013,"1,588.71"
12/11/2013,"1,600.12"
12/10/2013,"1,614.23"
12/09/2013,"1,617.60"
12/06/2013,"1,612.61"
12/05/2013,"1,598.88"
12/04/2013,"1,604.74"
12/03/2013,"1,613.31"
12/02/2013,"1,621.34"
11/29/2013,"1,628.42"
11/28/2013,"1,628.88"
11/27/2013,"1,624.82"
11/26/2013,"1,621.91"
11/25/2013,"1,623.70"
11/22/2013,"1,623.15"
11/21/2013,"1,616.34"
11/20/2013,"1,611.34"
11/19/2013,"1,616.44"
11/18/2013,"1,622.82"
11/15/2013,"1,621.50"
11/14/2013,"1,612.86"
11/13/2013,"1,601.56"
11/12/2013,"1,598.55"
11/11/2013,"1,600.84"
11/08/2013,"1,596.28"
11/07/2013,"1,588.47"
11/06/2013,"1,607.72"
11/05/2013,"1,599.43"
11/04/2013,"1,603.81"
11/01/2013,"1,597.86"
10/31/2013,"1,602.86"
10/30/2013,"1,611.86"
10/29/2013,"1,614.33"
10/28/2013,"1,610.22"
10/25/2013,"1,607.96"
10/24/2013,"1,607.92"
10/23/2013,"1,601.64"
10/22/2013,"1,610.79"
10/21/2013,"1,599.73"
10/18/2013,"1,598.14"
10/17/2013,"1,586.64"
10/16/2013,"1,570.34"
10/15/2013,"1,558.19"
10/14/2013,"1,562.77"
10/11/2013,"1,557.35"
10/10/2013,"1,545.94"
10/09/2013,"1,519.78"
10/08/2013,"1,523.13"
10/07/2013,"1,536.40"
10/04/2013,"1,547.50"
10/03/2013,"1,542.79"
10/02/2013,"1,551.02"
10/01/2013,"1,553.51"
09/30/2013,"1,543.67"
09/27/2013,"1,554.99"
09/26/2013,"1,556.74"
09/25/2013,"1,553.75"
09/24/2013,"1,555.57"
09/23/2013,"1,557.87"
09/20/2013,"1,563.26"
09/19/2013,"1,573.13"
09/18/2013,"1,561.53"
09/17/2013,"1,547.24"
09/16/2013,"1,546.52"
09/13/2013,"1,533.72"
09/12/2013,"1,532.93"
09/11/2013,"1,535.73"
09/10/2013,"1,529.14"
09/09/2013,"1,515.91"
09/06/2013,"1,502.40"
09/05/2013,"1,497.58"
09/04/2013,"1,496.29"
09/03/2013,"1,486.06"
09/02/2013,"1,481.18"
08/30/2013,"1,472.74"
08/29/2013,"1,481.11"
08/28/2013,"1,480.03"
08/27/2013,"1,484.40"
08/26/2013,"1,504.41"
08/23/2013,"1,508.49"
08/22/2013,"1,497.80"
08/21/2013,"1,489.65"
08/20/2013,"1,500.59"
08/19/2013,"1,501.39"
08/16/2013,"1,508.80"
08/15/2013,"1,508.14"
08/14/2013,"1,527.04"
08/13/2013,"1,527.19"
08/12/2013,"1,524.06"
08/09/2013,"1,526.90"
08/08/2013,"1,527.82"
08/07/2013,"1,519.33"
08/06/2013,"1,528.06"
08/05/2013,"1,530.46"
08/02/2013,"1,533.85"
08/01/2013,"1,524.91"
07/31/2013,"1,507.91"
07/30/2013,"1,510.32"
07/29/2013,"1,508.86"
07/26/2013,"1,516.21"
07/25/2013,"1,517.72"
07/24/2013,"1,518.38"
07/23/2013,"1,519.77"
07/22/2013,"1,520.62"
07/19/2013,"1,513.52"
07/18/2013,"1,511.13"
07/17/2013,"1,503.38"
07/16/2013,"1,500.53"
07/15/2013,"1,500.94"
07/12/2013,"1,498.31"
07/11/2013,"1,496.67"
07/10/2013,"1,473.31"
07/09/2013,"1,468.47"
07/08/2013,"1,457.52"
07/05/2013,"1,449.05"
07/04/2013,"1,448.22"
07/03/2013,"1,440.59"
07/02/2013,"1,444.86"
07/01/2013,"1,444.33"
06/28/2013,"1,433.55"
06/27/2013,"1,436.03"
06/26/2013,"1,425.51"
06/25/2013,"1,412.53"
06/24/2013,"1,400.98"
06/21/2013,"1,421.19"
06/20/2013,"1,423.87"
06/19/2013,"1,474.88"
06/18/2013,"1,483.04"
06/17/2013,"1,476.97"
06/14/2013,"1,463.83"
06/13/2013,"1,464.26"
06/12/2013,"1,457.57"
06/11/2013,"1,463.42"
06/10/2013,"1,473.13"
06/07/2013,"1,470.22"
06/06/2013,"1,454.91"
06/05/2013,"1,450.95"
06/04/2013,"1,473.48"
06/03/2013,"1,472.74"
05/31/2013,"1,471.93"
05/30/2013,"1,491.79"
05/29/2013,"1,489.44"
05/28/2013,"1,497.13"
05/27/2013,"1,489.58"
05/24/2013,"1,492.74"
05/23/2013,"1,493.44"
05/22/2013,"1,512.90"
05/21/2013,"1,520.64"
05/20/2013,"1,518.41"
05/17/2013,"1,512.98"
05/16/2013,"1,508.02"
05/15/2013,"1,510.87"
05/14/2013,"1,505.97"
05/13/2013,"1,497.40"
05/10/2013,"1,495.84"
05/09/2013,"1,495.74"
05/08/2013,"1,503.66"
05/07/2013,"1,492.06"
05/06/2013,"1,481.85"
05/03/2013,"1,482.46"
05/02/2013,"1,469.72"
05/01/2013,"1,466.53"
04/30/2013,"1,476.14"
04/29/2013,"1,468.44"
04/26/2013,"1,457.80"
04/25/2013,"1,459.26"
04/24/2013,"1,450.79"
04/23/2013,"1,443.86"
04/22/2013,"1,427.08"
04/19/2013,"1,422.25"
04/18/2013,"1,413.72"
04/17/2013,"1,420.70"
04/16/2013,"1,438.81"
04/15/2013,"1,431.09"
04/12/2013,"1,456.54"
04/11/2013,"1,462.82"
04/10/2013,"1,452.41"
04/09/2013,"1,433.01"
04/08/2013,"1,426.45"
04/05/2013,"1,419.11"
04/04/2013,"1,422.22"
04/03/2013,"1,425.59"
04/02/2013,"1,435.41"
04/01/2013,"1,428.04"
03/28/2013,"1,434.62"
03/27/2013,"1,428.95"
03/26/2013,"1,432.64"
03/25/2013,"1,426.71"
03/22/2013,"1,432.33"
03/21/2013,"1,426.66"
03/20/2013,"1,434.35"
03/19/2013,"1,426.75"
03/18/2013,"1,430.97"
03/15/2013,"1,444.48"
03/14/2013,"1,440.21"
03/13/2013,"1,429.84"
03/12/2013,"1,433.28"
03/11/2013,"1,434.83"
03/08/2013,"1,428.72"
03/07/2013,"1,424.88"
03/06/2013,"1,422.26"
03/05/2013,"1,420.25"
03/04/2013,"1,404.94"
03/01/2013,"1,401.75"
02/28/2013,"1,405.18"
02/27/2013,"1,399.43"
02/26/2013,"1,386.06"
02/25/2013,"1,391.22"
02/22/2013,"1,402.05"
02/21/2013,"1,392.11"
02/20/2013,"1,410.01"
02/19/2013,"1,419.81"
02/18/2013,"1,408.46"
02/15/2013,"1,406.92"
02/14/2013,"1,411.59"
02/13/2013,"1,413.81"
02/12/2013,"1,413.83"
02/11/2013,"1,405.70"
02/08/2013,"1,410.44"
02/07/2013,"1,401.92"
02/06/2013,"1,408.35"
02/05/2013,"1,405.15"
02/04/2013,"1,399.68"
02/01/2013,"1,416.79"
01/31/2013,"1,405.47"
01/30/2013,"1,409.47"
01/29/2013,"1,410.68"
01/28/2013,"1,403.04"
01/25/2013,"1,405.47"
01/24/2013,"1,396.14"
01/23/2013,"1,393.04"
01/22/2013,"1,393.62"
01/21/2013,"1,389.58"
01/18/2013,"1,388.11"
01/17/2013,"1,386.16"
01/16/2013,"1,378.92"
01/15/2013,"1,382.74"
01/14/2013,"1,380.21"
01/11/2013,"1,381.94"
01/10/2013,"1,378.48"
01/09/2013,"1,367.15"
01/08/2013,"1,362.89"
01/07/2013,"1,366.91"
01/04/2013,"1,370.11"
01/03/2013,"1,364.39"
01/02/2013,"1,367.38"
01/01/2013,"1,338.55"
