Date,Oil
12/31/2024,71.56
12/30/2024,70.99
12/29/2024,70.28
12/27/2024,70.08
12/26/2024,69.53
12/25/2024,70.06
12/24/2024,69.92
12/23/2024,69.34
12/22/2024,69.49
12/20/2024,69.48
12/19/2024,69.13
12/18/2024,69.38
12/17/2024,69.72
12/16/2024,70.19
12/15/2024,70.69
12/13/2024,70.67
12/12/2024,69.6
12/11/2024,69.95
12/10/2024,68.23
12/09/2024,67.93
12/08/2024,67.16
12/06/2024,67
12/05/2024,68.19
12/04/2024,68.54
12/03/2024,69.8
12/02/2024,68
12/01/2024,68.16
11/29/2024,68.5
11/28/2024,68.7
11/27/2024,68.64
11/26/2024,68.73
11/25/2024,68.52
11/24/2024,71.14
11/22/2024,71.06
11/21/2024,70.05
11/20/2024,69
11/19/2024,69.3
11/18/2024,68.93
11/17/2024,66.73
11/15/2024,66.89
11/14/2024,68.44
11/13/2024,67.89
11/12/2024,67.92
11/11/2024,68.09
11/10/2024,70.04
11/08/2024,70.23
11/07/2024,71.91
11/06/2024,71.41
11/05/2024,71.76
11/04/2024,71.22
11/03/2024,70.3
11/01/2024,69.13
10/31/2024,70.33
10/30/2024,68.75
10/29/2024,67.28
10/28/2024,67.8
10/27/2024,68.66
10/25/2024,71.56
10/24/2024,70.33
10/23/2024,71.11
10/22/2024,71.36
10/21/2024,69.95
10/20/2024,68.8
10/18/2024,68.8
10/17/2024,70.26
10/16/2024,70.13
10/15/2024,70.48
10/14/2024,71.16
10/13/2024,73.65
10/11/2024,74.9
10/10/2024,75.06
10/09/2024,72.85
10/08/2024,73.47
10/07/2024,76.75
10/06/2024,73.5
10/04/2024,74.1
10/03/2024,73.55
10/02/2024,70.59
10/01/2024,70.58
09/30/2024,68.14
09/29/2024,68.08
09/27/2024,68.45
09/26/2024,67.17
09/25/2024,69.42
09/24/2024,71.39
09/23/2024,70.45
09/22/2024,70.86
09/20/2024,71.12
09/19/2024,70.91
09/18/2024,69.31
09/17/2024,69.86
09/16/2024,69.28
09/15/2024,67.95
09/13/2024,68.34
09/12/2024,68.55
09/11/2024,66.67
09/10/2024,65.72
09/09/2024,68.17
09/08/2024,67.81
09/06/2024,67.64
09/05/2024,68.9
09/04/2024,68.84
09/03/2024,69.81
09/02/2024,73.24
09/01/2024,72.53
08/30/2024,73.18
08/29/2024,75.11
08/28/2024,73.98
08/27/2024,75.38
08/26/2024,76.75
08/16/2024,78.27
08/15/2024,78.4
08/14/2024,77.7
08/13/2024,78.94
08/12/2024,79.83
08/11/2024,77.05
08/09/2024,77.4
08/08/2024,76.45
08/07/2024,75.84
08/06/2024,73.25
08/05/2024,74.62
08/04/2024,74.44
08/02/2024,74.69
08/01/2024,77.37
07/31/2024,79.14
07/30/2024,75.91
07/29/2024,76.3
07/28/2024,77.95
07/26/2024,77.21
07/25/2024,79.06
07/24/2024,78.3
07/23/2024,78.19
07/22/2024,79.14
07/21/2024,79.95
07/19/2024,79.65
07/18/2024,81.83
07/17/2024,82.78
07/16/2024,80.77
07/15/2024,81.89
07/14/2024,82.34
07/12/2024,82.33
07/11/2024,83.14
07/10/2024,82.6
07/09/2024,81.84
07/08/2024,82.41
07/07/2024,83.38
07/05/2024,83.58
07/04/2024,84.16
07/03/2024,83.86
07/02/2024,83.27
07/01/2024,83.67
06/30/2024,81.99
06/28/2024,81.81
06/27/2024,82.19
06/26/2024,80.94
06/25/2024,81.06
06/24/2024,82.03
06/23/2024,80.59
06/21/2024,80.96
06/20/2024,81.64
06/19/2024,80.98
06/18/2024,81.18
06/17/2024,80.19
06/16/2024,78.28
06/14/2024,78.53
06/13/2024,77.97
06/12/2024,78.39
06/11/2024,78.25
06/10/2024,78.19
06/09/2024,75.5
06/07/2024,75.59
06/06/2024,75.88
06/05/2024,74.62
06/04/2024,73.17
06/03/2024,74.28
06/02/2024,77
05/31/2024,77.44
05/30/2024,78.03
05/29/2024,79.53
05/28/2024,80.55
05/27/2024,78.95
05/26/2024,78.16
05/24/2024,78.18
05/23/2024,77.22
05/22/2024,77.53
05/21/2024,78.69
05/20/2024,79.69
05/19/2024,79.78
05/17/2024,79.98
05/16/2024,79.39
05/15/2024,78.95
05/14/2024,78.48
05/13/2024,79.25
05/12/2024,78.22
05/10/2024,78.38
05/09/2024,79.84
05/08/2024,79.47
05/07/2024,78.53
05/06/2024,79.11
05/05/2024,78.64
05/03/2024,78.29
05/02/2024,79.53
05/01/2024,79.44
04/30/2024,81.69
04/29/2024,82.98
04/28/2024,83.61
04/26/2024,84.14
04/25/2024,84.2
04/24/2024,83.16
04/23/2024,83.92
04/22/2024,82.58
04/21/2024,82.44
04/19/2024,82.69
04/18/2024,82.59
04/17/2024,82.86
04/16/2024,85.53
04/15/2024,85.86
04/14/2024,85.69
04/12/2024,85.6
04/11/2024,85.61
04/10/2024,86.41
04/09/2024,85.47
04/08/2024,86.83
04/07/2024,86.08
04/05/2024,86.96
04/04/2024,87.22
04/03/2024,85.81
04/02/2024,85.75
04/01/2024,84.14
03/31/2024,83.45
03/28/2024,83.44
03/27/2024,82.05
03/26/2024,81.61
03/25/2024,82.38
03/24/2024,81.23
03/22/2024,81.19
03/21/2024,81.34
03/20/2024,82.03
03/19/2024,82.88
03/18/2024,82.62
03/17/2024,81.03
03/15/2024,81.03
03/14/2024,80.97
03/13/2024,79.75
03/12/2024,78.06
03/11/2024,78.16
03/10/2024,77.89
03/08/2024,77.93
03/07/2024,79.31
03/06/2024,79.17
03/05/2024,78.34
03/04/2024,78.81
03/03/2024,80.06
03/01/2024,79.96
02/29/2024,78.41
02/28/2024,78.3
02/27/2024,78.58
02/26/2024,77.81
02/25/2024,76.61
02/23/2024,76.8
02/22/2024,78.45
02/21/2024,78.31
02/20/2024,77.44
02/19/2024,78.33
02/16/2024,78.47
02/15/2024,77.89
02/14/2024,76.5
02/13/2024,77.67
02/12/2024,76.94
02/11/2024,76.39
02/09/2024,76.55
02/08/2024,76.39
02/07/2024,73.92
02/06/2024,73.36
02/05/2024,72.6
02/04/2024,72.7
02/02/2024,72.28
02/01/2024,74.17
01/31/2024,75.78
01/30/2024,77.7
01/29/2024,76.92
01/28/2024,78.77
01/26/2024,78.05
01/25/2024,77
01/24/2024,75.3
01/23/2024,74.33
01/22/2024,74.5
01/21/2024,73.05
01/19/2024,73.3
01/18/2024,73.69
01/17/2024,72.67
01/16/2024,71.88
01/15/2024,72.62
01/14/2024,72.53
01/12/2024,72.75
01/11/2024,73.34
01/10/2024,71.2
01/09/2024,72.11
01/08/2024,70.69
01/07/2024,73.69
01/05/2024,73.87
01/04/2024,72.22
01/03/2024,72.97
01/02/2024,70.41
01/01/2024,71.86
12/29/2023,71.24
12/28/2023,71.92
12/27/2023,73.92
12/26/2023,75.12
12/25/2023,73.66
12/22/2023,73.3
12/21/2023,73.69
12/20/2023,73.47
12/19/2023,73.97
12/18/2023,72.62
12/17/2023,72.35
12/15/2023,71.95
12/14/2023,71.72
12/13/2023,70
12/12/2023,68.78
12/11/2023,71.47
12/10/2023,71.33
12/08/2023,71.36
12/07/2023,69.89
12/06/2023,69.61
12/05/2023,72.25
12/04/2023,73.42
12/03/2023,74.95
12/01/2023,74.56
11/30/2023,75.83
11/29/2023,77.88
11/28/2023,76.86
11/27/2023,75.39
11/26/2023,75.91
11/24/2023,75.41
11/23/2023,76.58
11/22/2023,76.94
11/21/2023,77.92
11/20/2023,77.89
11/19/2023,76.53
11/17/2023,76.4
11/16/2023,73.53
11/15/2023,76.81
11/14/2023,78.39
11/13/2023,78.8
11/12/2023,77.19
11/10/2023,77.6
11/09/2023,75.88
11/08/2023,75.92
11/07/2023,77.52
11/06/2023,81.39
11/05/2023,81.58
11/03/2023,81.5
11/02/2023,83.19
11/01/2023,81.56
10/31/2023,82.05
10/30/2023,83.39
10/29/2023,85.36
10/27/2023,86.12
10/26/2023,84.56
10/25/2023,86.17
10/24/2023,84.67
10/23/2023,87.17
10/22/2023,88.84
10/20/2023,89.6
10/19/2023,90.44
10/18/2023,88.38
10/17/2023,88.3
10/16/2023,86.77
10/15/2023,87.62
10/13/2023,87.86
10/12/2023,83.62
10/11/2023,83.31
10/10/2023,86.17
10/09/2023,86.62
10/08/2023,85.98
10/06/2023,83.09
10/05/2023,83.11
10/04/2023,84.62
10/03/2023,89.72
10/02/2023,88.94
10/01/2023,91.5
09/29/2023,91.19
09/28/2023,92.17
09/27/2023,94.33
09/26/2023,91.06
09/25/2023,90.23
09/24/2023,91.16
09/22/2023,90.93
09/21/2023,90.32
09/20/2023,89.81
09/19/2023,91.33
09/18/2023,91.73
09/17/2023,90.84
09/15/2023,91.15
09/14/2023,90.67
09/13/2023,88.8
09/12/2023,88.94
09/11/2023,87.42
09/10/2023,87.11
09/08/2023,87.42
09/07/2023,86.92
09/06/2023,87.89
09/05/2023,87.06
09/04/2023,86.05
09/03/2023,86.1
09/01/2023,86.31
08/31/2023,83.89
08/30/2023,81.92
08/29/2023,81.67
08/28/2023,80.39
08/27/2023,80.53
08/25/2023,80.42
08/24/2023,79.3
08/23/2023,79
08/22/2023,80.05
08/21/2023,80.53
08/20/2023,81.03
08/18/2023,81.19
08/17/2023,80.06
08/16/2023,79.25
08/15/2023,81.08
08/14/2023,82.39
08/13/2023,82.92
08/11/2023,83.1
08/10/2023,82.92
08/09/2023,84.27
08/08/2023,82.78
08/07/2023,82.44
08/06/2023,83
08/04/2023,82.66
08/03/2023,81.83
08/02/2023,79.8
08/01/2023,82.3
07/31/2023,81.7
07/30/2023,80.45
07/28/2023,80.73
07/27/2023,79.69
07/26/2023,79.08
07/25/2023,79.36
07/24/2023,78.94
07/23/2023,76.66
07/21/2023,76.87
07/20/2023,75.91
07/19/2023,75.25
07/18/2023,75.81
07/17/2023,74.22
07/16/2023,74.9
07/14/2023,75.27
07/13/2023,77.15
07/12/2023,75.8
07/11/2023,74.75
07/10/2023,73.08
07/09/2023,73.52
07/07/2023,73.63
07/06/2023,71.78
07/05/2023,71.88
07/04/2023,71
07/03/2023,70.02
07/02/2023,70.34
06/30/2023,70.37
06/29/2023,69.66
06/28/2023,69.22
06/27/2023,67.84
06/26/2023,69.37
06/25/2023,69.84
06/23/2023,69.41
06/22/2023,69.22
06/21/2023,72.38
06/20/2023,70.81
06/19/2023,71.19
06/18/2023,71.34
06/16/2023,71.49
06/15/2023,70.66
06/14/2023,68.56
06/13/2023,69.2
06/12/2023,67.42
06/11/2023,70
06/09/2023,70.34
06/08/2023,70.86
06/07/2023,72.44
06/06/2023,71.77
06/05/2023,71.97
06/04/2023,73.39
06/02/2023,71.94
06/01/2023,70.11
05/31/2023,67.75
05/30/2023,69.57
05/29/2023,72.89
05/28/2023,73.23
05/26/2023,72.92
05/25/2023,71.88
05/24/2023,74.25
05/23/2023,73.88
05/22/2023,72.36
05/21/2023,71.86
05/19/2023,71.93
05/18/2023,72.14
05/17/2023,72.77
05/16/2023,70.67
05/15/2023,71.42
05/14/2023,70.06
05/12/2023,70.11
05/11/2023,71.36
05/10/2023,72.89
05/09/2023,73.61
05/08/2023,73
05/07/2023,71.44
05/05/2023,71.4
05/04/2023,68.77
05/03/2023,67.25
05/02/2023,71.64
05/01/2023,75.62
04/30/2023,76.12
04/28/2023,76.7
04/27/2023,74.83
04/26/2023,74.45
04/25/2023,77.33
04/24/2023,78.67
04/23/2023,77.78
04/21/2023,77.98
04/20/2023,77.17
04/19/2023,78.94
04/18/2023,81.03
04/17/2023,80.89
04/16/2023,82.55
04/14/2023,82.65
04/13/2023,82.22
04/12/2023,83.04
04/11/2023,81.41
04/10/2023,79.8
04/09/2023,80.75
04/06/2023,80.36
04/05/2023,80.44
04/04/2023,80.86
04/03/2023,80.36
04/02/2023,80.39
03/31/2023,75.57
03/30/2023,74.25
03/29/2023,72.77
03/28/2023,73.61
03/27/2023,72.88
03/26/2023,69.55
03/24/2023,69.1
03/23/2023,69.39
03/22/2023,69.92
03/21/2023,69.31
03/20/2023,67.47
03/17/2023,66.36
03/16/2023,68.31
03/15/2023,68.16
03/14/2023,71.77
03/13/2023,74.53
03/12/2023,77.03
03/10/2023,76.57
03/09/2023,75.38
03/08/2023,76.48
03/07/2023,77.16
03/06/2023,80.42
03/05/2023,79.28
03/03/2023,79.75
03/02/2023,77.81
03/01/2023,77.52
02/28/2023,76.53
02/27/2023,75.6
02/26/2023,76.5
02/24/2023,76.31
02/23/2023,75.47
02/22/2023,73.8
02/21/2023,76.05
02/20/2023,77.11
02/19/2023,76.48
02/17/2023,76.31
02/16/2023,77.84
02/15/2023,78.55
02/14/2023,78.79
02/13/2023,79.19
02/12/2023,79.31
02/10/2023,79.68
02/09/2023,77.61
02/08/2023,78.42
02/07/2023,77.45
02/06/2023,74.44
02/05/2023,73.39
02/03/2023,73.1
02/02/2023,75.86
02/01/2023,76.7
01/31/2023,79.03
01/30/2023,77.83
01/29/2023,80.2
01/27/2023,79.27
01/26/2023,81
01/25/2023,80.36
01/24/2023,80.02
01/23/2023,81.44
01/22/2023,81.06
01/20/2023,81.53
01/19/2023,80.83
01/18/2023,79.25
01/17/2023,80.75
01/16/2023,78.84
01/15/2023,79.84
01/13/2023,80.11
01/12/2023,78.36
01/11/2023,77.73
01/10/2023,74.62
01/09/2023,74.73
01/08/2023,74.14
01/06/2023,73.75
01/05/2023,74.02
01/04/2023,73.42
01/03/2023,77.14
01/02/2023,80.53
12/30/2022,80.55
12/29/2022,78.67
12/28/2022,78.67
12/27/2022,79.84
12/26/2022,81.06
12/23/2022,79.44
12/22/2022,78.56
12/21/2022,78.59
12/20/2022,76.27
12/19/2022,76
12/18/2022,75.22
12/16/2022,74.73
12/15/2022,76.4
12/14/2022,77.44
12/13/2022,75.36
12/12/2022,73.61
12/11/2022,72.08
12/09/2022,71.75
12/08/2022,72.33
12/07/2022,72.86
12/06/2022,74.78
12/05/2022,77.74
12/04/2022,81.53
12/02/2022,80.76
12/01/2022,81.8
11/30/2022,81.05
11/29/2022,79.24
11/28/2022,77.05
11/27/2022,76.59
11/25/2022,77.15
11/24/2022,78.56
11/23/2022,78.14
11/22/2022,82
11/21/2022,81.06
11/20/2022,80.92
11/18/2022,81.06
11/17/2022,82.71
11/16/2022,85.58
11/15/2022,87.55
11/14/2022,85.57
11/13/2022,90
11/11/2022,89.23
11/10/2022,86.69
11/09/2022,86.19
11/08/2022,89.5
11/07/2022,92.39
11/06/2022,91.19
11/04/2022,93.2
11/03/2022,88.62
11/02/2022,89.61
11/01/2022,89.36
10/31/2022,86.88
10/30/2022,89.11
10/28/2022,89.2
10/27/2022,89.42
10/26/2022,89.03
10/25/2022,85.72
10/24/2022,85.77
10/23/2022,86.28
10/21/2022,86.16
10/20/2022,85.62
10/19/2022,85.86
10/18/2022,84.19
10/17/2022,86.06
10/16/2022,86.36
10/14/2022,85.81
10/13/2022,89.14
10/12/2022,87.34
10/11/2022,88.81
10/10/2022,90.95
10/09/2022,92.84
10/07/2022,93.54
10/06/2022,89.11
10/05/2022,88.31
10/04/2022,86.84
10/03/2022,83.67
10/02/2022,82.36
09/30/2022,80.03
09/29/2022,82
09/28/2022,82.09
09/27/2022,78.86
09/26/2022,77.06
09/25/2022,79.94
09/23/2022,79.73
09/22/2022,84.09
09/21/2022,83.36
09/20/2022,84.56
09/19/2022,86
09/18/2022,85.83
09/16/2022,85.6
09/15/2022,84.84
09/14/2022,89.24
09/13/2022,87.78
09/12/2022,88.28
09/11/2022,86.58
09/09/2022,86.44
09/08/2022,83.31
09/07/2022,82.41
09/06/2022,87.22
09/05/2022,89.41
09/04/2022,88.72
09/02/2022,87.67
09/01/2022,87.81
08/31/2022,89.83
08/30/2022,92.72
08/29/2022,97.53
08/28/2022,93.67
08/26/2022,93.83
08/25/2022,93.77
08/24/2022,96.08
08/23/2022,94.56
08/22/2022,91.72
08/21/2022,90.38
08/19/2022,90.63
08/18/2022,91.38
08/17/2022,88.33
08/16/2022,87.61
08/15/2022,88.84
08/14/2022,92.16
08/12/2022,92.66
08/11/2022,94.78
08/10/2022,92.36
08/09/2022,91.39
08/08/2022,91.38
08/07/2022,89.11
08/05/2022,89.69
08/04/2022,89.25
08/03/2022,92.39
08/02/2022,95.27
08/01/2022,95.25
07/31/2022,99.61
07/29/2022,100.05
07/28/2022,99.28
07/27/2022,99.98
07/26/2022,97.52
07/25/2022,98.31
07/24/2022,97.05
07/22/2022,97.49
07/21/2022,98.51
07/20/2022,102.08
07/19/2022,102.95
07/18/2022,101.67
07/17/2022,96.89
07/15/2022,97.41
07/14/2022,96.56
07/13/2022,96.34
07/12/2022,94.94
07/11/2022,103.81
07/10/2022,105.16
07/08/2022,105.8
07/07/2022,103.78
07/06/2022,99.25
07/05/2022,102.28
07/04/2022,111.67
07/03/2022,109.5
07/01/2022,109.94
06/30/2022,107.75
06/29/2022,111.39
06/28/2022,113.64
06/27/2022,112.11
06/26/2022,108.33
06/24/2022,109.16
06/23/2022,106.44
06/22/2022,105.97
06/21/2022,111.47
06/20/2022,111.2
06/19/2022,111.42
06/17/2022,111.42
06/16/2022,117.38
06/15/2022,117.14
06/14/2022,118.97
06/13/2022,121.02
06/12/2022,119.34
06/10/2022,121.08
06/09/2022,122
06/08/2022,122.86
06/07/2022,120.27
06/06/2022,119.83
06/05/2022,121.19
06/03/2022,121.43
06/02/2022,118.45
06/01/2022,114.22
05/31/2022,116.2
05/30/2022,118.83
05/29/2022,116.86
05/27/2022,116.45
05/26/2022,115.45
05/25/2022,112.13
05/24/2022,112.06
05/23/2022,111.23
05/22/2022,111.89
05/20/2022,112.04
05/19/2022,110.89
05/18/2022,107.35
05/17/2022,112.83
05/16/2022,113.67
05/15/2022,111.44
05/13/2022,110.3
05/12/2022,107.23
05/11/2022,105.97
05/10/2022,99.08
05/09/2022,103.03
05/08/2022,109.47
05/06/2022,110.95
05/05/2022,109.09
05/04/2022,108.61
05/03/2022,103.86
05/02/2022,105.7
05/01/2022,105.17
04/29/2022,104.78
04/28/2022,105.56
04/27/2022,102.41
04/26/2022,102.58
04/25/2022,99.2
04/24/2022,101.16
04/22/2022,102.42
04/21/2022,104.34
04/20/2022,103.08
04/19/2022,104
04/18/2022,108.16
04/17/2022,108.28
04/14/2022,106.91
04/13/2022,104.19
04/12/2022,101.91
04/11/2022,95.83
04/10/2022,97.33
04/08/2022,98.6
04/07/2022,97.69
04/06/2022,97.59
04/05/2022,101.94
04/04/2022,105.3
04/03/2022,99.39
04/01/2022,100.57
03/31/2022,102.19
03/30/2022,108.88
03/29/2022,107.69
03/28/2022,105.47
03/27/2022,112.31
03/25/2022,114.39
03/24/2022,113.83
03/23/2022,116.44
03/22/2022,110.59
03/21/2022,114.2
03/20/2022,106.65
03/18/2022,105.47
03/17/2022,103.92
03/16/2022,96.69
03/15/2022,96.28
03/14/2022,101.84
03/13/2022,107.76
03/11/2022,110
03/10/2022,108.32
03/09/2022,111.59
03/08/2022,126.47
03/07/2022,122.09
03/06/2022,128.26
03/04/2022,116.37
03/03/2022,110.52
03/02/2022,112.22
03/01/2022,107.77
02/28/2022,97.25
02/27/2022,98.13
02/25/2022,93.41
02/24/2022,96.28
02/23/2022,94.36
02/22/2022,93.28
02/21/2022,94.31
02/20/2022,93.33
02/18/2022,92.52
02/17/2022,91.8
02/16/2022,91.42
02/15/2022,92.55
02/14/2022,94.97
02/13/2022,94.55
02/11/2022,94.17
02/10/2022,90.17
02/09/2022,90.28
02/08/2022,90.08
02/07/2022,91.69
02/06/2022,92.14
02/04/2022,92.33
02/03/2022,90.52
02/02/2022,88.02
02/01/2022,88.73
01/31/2022,88.8
01/30/2022,88.19
01/28/2022,87.79
01/27/2022,87.86
01/26/2022,87.89
01/25/2022,85.86
01/24/2022,84.7
01/23/2022,86.39
01/21/2022,85.43
01/20/2022,84.67
01/19/2022,85.58
01/18/2022,86.75
01/17/2022,84.33
01/16/2022,84.5
01/14/2022,84.35
01/13/2022,82.03
01/12/2022,82.86
01/11/2022,81.42
01/10/2022,78.7
01/09/2022,78.7
01/07/2022,79.07
01/06/2022,79.69
01/05/2022,77.39
01/04/2022,77.25
01/03/2022,76.17
01/02/2022,76.03
12/31/2021,75.63
12/30/2021,76.61
12/29/2021,76.84
12/28/2021,76.42
12/27/2021,76.14
12/26/2021,73.61
12/23/2021,74.06
12/22/2021,73.42
12/21/2021,71.61
12/20/2021,69.56
12/19/2021,69.61
12/17/2021,70.53
12/16/2021,72.08
12/15/2021,71.83
12/14/2021,70.51
12/13/2021,71.47
12/12/2021,72.72
12/10/2021,72.27
12/09/2021,70.84
12/08/2021,72.94
12/07/2021,72.22
12/06/2021,70.16
12/05/2021,67.95
12/03/2021,66.74
12/02/2021,67.84
12/01/2021,66.77
11/30/2021,67.47
11/29/2021,71.42
11/28/2021,72
11/26/2021,68.89
11/25/2021,78.17
11/24/2021,79.17
11/23/2021,79.08
11/22/2021,77.26
11/21/2021,76.42
11/19/2021,76.63
11/18/2021,79.31
11/17/2021,78.53
11/16/2021,80.61
11/15/2021,80.8
11/14/2021,81.02
11/12/2021,80.8
11/11/2021,81.5
11/10/2021,81.72
11/09/2021,84.83
11/08/2021,82.26
11/07/2021,81.77
11/05/2021,81.44
11/04/2021,80.05
11/03/2021,80.66
11/02/2021,83.28
11/01/2021,84.23
10/31/2021,83.34
10/29/2021,83.67
10/28/2021,83.16
10/27/2021,82.67
10/26/2021,84.7
10/25/2021,84.31
10/24/2021,84.58
10/22/2021,84.56
10/21/2021,82.88
10/20/2021,84.25
10/19/2021,83.12
10/18/2021,82.25
10/17/2021,83
10/15/2021,82.57
10/14/2021,81.78
10/13/2021,80.83
10/12/2021,80.38
10/11/2021,80.48
10/10/2021,79.78
10/08/2021,79.68
10/07/2021,78.94
10/06/2021,77.31
10/05/2021,79.12
10/04/2021,77.69
10/03/2021,75.97
10/01/2021,75.88
09/30/2021,75.44
09/29/2021,74.86
09/28/2021,74.64
09/27/2021,75.58
09/26/2021,75.03
09/24/2021,74.2
09/23/2021,73.5
09/22/2021,72.19
09/21/2021,70.97
09/20/2021,70.89
09/19/2021,71.75
09/17/2021,72.09
09/16/2021,72.61
09/15/2021,72.59
09/14/2021,70.84
09/13/2021,70.69
09/12/2021,70.17
09/10/2021,69.75
09/09/2021,68.03
09/08/2021,69.33
09/07/2021,68.53
09/06/2021,68.89
09/05/2021,68.86
09/03/2021,69.25
09/02/2021,69.86
09/01/2021,68.34
08/31/2021,68.64
08/30/2021,69.28
08/29/2021,69.5
08/27/2021,68.89
08/26/2021,68
08/25/2021,68.17
08/24/2021,67.61
08/23/2021,65.73
08/22/2021,62.51
08/20/2021,62.06
08/19/2021,63.86
08/18/2021,64.7
08/17/2021,66.59
08/16/2021,67.64
08/15/2021,68.12
08/13/2021,68.1
08/12/2021,68.91
08/11/2021,69.39
08/10/2021,68.58
08/09/2021,67.05
08/08/2021,67.3
08/06/2021,68.02
08/05/2021,69.17
08/04/2021,68.25
08/03/2021,70.56
08/02/2021,71.56
08/01/2021,73.92
07/30/2021,73.94
07/29/2021,73.52
07/28/2021,72.64
07/27/2021,72.22
07/26/2021,72.33
07/23/2021,72.45
07/22/2021,72
07/21/2021,70.53
07/20/2021,67.03
07/19/2021,67.19
07/18/2021,71.42
07/16/2021,71.52
07/15/2021,71.44
07/14/2021,72.86
07/13/2021,75.12
07/12/2021,74.33
07/11/2021,74.83
07/09/2021,74.78
07/08/2021,73.39
07/07/2021,72.28
07/06/2021,73.77
07/05/2021,76.44
07/04/2021,75.36
07/02/2021,75.29
07/01/2021,75.28
06/30/2021,73.77
06/29/2021,73.72
06/28/2021,73.17
06/27/2021,74.44
06/25/2021,74.34
06/24/2021,73.59
06/23/2021,73.52
06/22/2021,73.19
06/21/2021,73.41
06/20/2021,71.84
06/18/2021,71.39
06/17/2021,70.91
06/16/2021,71.47
06/15/2021,72.39
06/14/2021,71.03
06/13/2021,70.95
06/11/2021,70.79
06/10/2021,70.17
06/09/2021,69.7
06/08/2021,70
06/07/2021,69.09
06/06/2021,69.7
06/04/2021,69.39
06/03/2021,68.75
06/02/2021,68.72
06/01/2021,67.91
05/31/2021,66.94
05/30/2021,66.56
05/28/2021,66.64
05/27/2021,67.3
05/26/2021,66.11
05/25/2021,65.89
05/24/2021,66
05/23/2021,63.62
05/21/2021,63.84
05/20/2021,62.09
05/19/2021,63.34
05/18/2021,65.17
05/17/2021,66.34
05/16/2021,65.53
05/14/2021,65.49
05/13/2021,63.82
05/12/2021,65.69
05/11/2021,65.5
05/10/2021,64.95
05/09/2021,65.44
05/07/2021,64.81
05/06/2021,64.88
05/05/2021,65.09
05/04/2021,66.2
05/03/2021,64.61
05/02/2021,63.7
04/30/2021,63.44
04/29/2021,64.75
04/28/2021,63.77
04/27/2021,62.95
04/26/2021,62.02
04/25/2021,61.88
04/23/2021,61.98
04/22/2021,61.8
04/21/2021,61.08
04/20/2021,62.28
04/19/2021,63.55
04/18/2021,62.8
04/16/2021,63.07
04/15/2021,63.34
04/14/2021,62.88
04/13/2021,60.52
04/12/2021,59.76
04/11/2021,59.55
04/09/2021,59.32
04/08/2021,59.73
04/07/2021,59.62
04/06/2021,59.17
04/05/2021,58.89
04/04/2021,61.26
04/01/2021,61.25
03/31/2021,59.55
03/30/2021,60.38
03/29/2021,62.09
03/28/2021,60.72
03/26/2021,60.71
03/25/2021,58.74
03/24/2021,60.59
03/23/2021,57.53
03/22/2021,61.27
03/21/2021,60.88
03/19/2021,61.46
03/18/2021,59.76
03/17/2021,64.58
03/16/2021,64.88
03/15/2021,65.3
03/14/2021,65.94
03/12/2021,65.54
03/11/2021,65.89
03/10/2021,64.64
03/09/2021,63.92
03/08/2021,64.86
03/07/2021,67.12
03/05/2021,66.23
03/04/2021,64.19
03/03/2021,60.7
03/02/2021,59.39
03/01/2021,60.23
02/28/2021,62.45
02/26/2021,61.56
02/25/2021,63.39
02/24/2021,63.52
02/23/2021,61.2
02/22/2021,61.56
02/21/2021,59.59
02/19/2021,59.02
02/18/2021,59.7
02/17/2021,61.77
02/16/2021,59.97
02/15/2021,60.08
02/14/2021,60.34
02/12/2021,59.68
02/11/2021,57.94
02/10/2021,58.3
02/09/2021,58.37
02/08/2021,58.02
02/07/2021,57.36
02/05/2021,57.04
02/04/2021,56.49
02/03/2021,55.86
02/02/2021,54.91
02/01/2021,53.55
01/31/2021,51.92
01/29/2021,52.1
01/28/2021,52.17
01/27/2021,52.36
01/26/2021,52.72
01/25/2021,52.8
01/24/2021,52.23
01/22/2021,51.92
01/21/2021,52.95
01/20/2021,52.89
01/19/2021,53.12
01/18/2021,52.3
01/17/2021,52.12
01/15/2021,52.01
01/14/2021,53.73
01/13/2021,52.69
01/12/2021,53.3
01/11/2021,52.03
01/10/2021,52.22
01/08/2021,52.6
01/07/2021,50.84
01/06/2021,50.38
01/05/2021,49.66
01/04/2021,47.28
01/03/2021,48.3
12/31/2020,48.27
12/30/2020,48.22
12/29/2020,47.94
12/28/2020,47.87
12/27/2020,47.93
12/24/2020,48.28
12/23/2020,48.09
12/22/2020,46.89
12/21/2020,47.83
12/20/2020,48.6
12/18/2020,49.26
12/17/2020,48.55
12/16/2020,48.02
12/15/2020,47.71
12/14/2020,47.12
12/13/2020,46.82
12/11/2020,46.7
12/10/2020,47.23
12/09/2020,45.84
12/08/2020,45.66
12/07/2020,45.75
12/06/2020,46.17
12/04/2020,46.19
12/03/2020,45.79
12/02/2020,45
12/01/2020,44.25
11/30/2020,45.29
11/29/2020,45.24
11/27/2020,45.74
11/26/2020,45.05
11/25/2020,45.86
11/24/2020,44.88
11/23/2020,43.22
11/22/2020,42.52
11/20/2020,42.48
11/19/2020,41.69
11/18/2020,41.8
11/17/2020,41.52
11/16/2020,41.62
11/15/2020,40.73
11/13/2020,40.38
11/12/2020,41
11/11/2020,41.78
11/10/2020,41.88
11/09/2020,39.93
11/08/2020,38.05
11/06/2020,37.7
11/05/2020,38.66
11/04/2020,39.23
11/03/2020,38.62
11/02/2020,37.27
11/01/2020,34.19
10/30/2020,35.92
10/29/2020,36.34
10/28/2020,37.88
10/27/2020,38.99
10/26/2020,38.75
10/25/2020,39.31
10/23/2020,39.8
10/22/2020,40.67
10/21/2020,39.95
10/20/2020,41.47
10/19/2020,40.95
10/18/2020,41.23
10/16/2020,41.01
10/15/2020,41.19
10/14/2020,41.48
10/13/2020,40.41
10/12/2020,39.86
10/11/2020,40.48
10/09/2020,40.8
10/08/2020,41.45
10/07/2020,40.27
10/06/2020,40.01
10/05/2020,39.39
10/04/2020,37.48
10/02/2020,37.2
10/01/2020,38.66
09/30/2020,40.17
09/29/2020,39.27
09/28/2020,40.7
09/27/2020,40.2
09/25/2020,40.16
09/24/2020,40.4
09/23/2020,39.41
09/22/2020,39.77
09/21/2020,39.98
09/20/2020,41.07
09/18/2020,41.19
09/17/2020,41.14
09/16/2020,27.48
09/15/2020,26.21
09/14/2020,25.32
09/13/2020,25.23
09/11/2020,24.88
09/10/2020,24.73
09/09/2020,24.91
09/08/2020,24.07
09/07/2020,25.52
09/06/2020,25.07
09/04/2020,25.22
09/03/2020,25.95
09/02/2020,26.29
09/01/2020,26.87
08/31/2020,26.57
08/30/2020,26.52
08/28/2020,26.14
08/27/2020,25.95
08/26/2020,26.11
08/25/2020,25.91
08/24/2020,25.27
08/23/2020,25.02
08/21/2020,24.62
08/20/2020,24.84
08/19/2020,24.69
08/18/2020,24.59
08/17/2020,24.5
08/16/2020,24.12
08/14/2020,23.76
08/13/2020,23.75
08/12/2020,23.62
08/11/2020,22.98
08/10/2020,23.04
08/09/2020,22.73
08/07/2020,22.42
08/06/2020,22.55
08/05/2020,22.45
08/04/2020,21.88
08/03/2020,21.41
08/02/2020,21.05
07/31/2020,20.9
07/30/2020,20.73
07/29/2020,21
07/28/2020,20.77
07/27/2020,20.87
07/26/2020,20.43
07/24/2020,20.27
07/23/2020,20
07/22/2020,20.13
07/21/2020,19.96
07/20/2020,19.54
07/19/2020,19.41
07/17/2020,19.14
07/16/2020,19.09
07/15/2020,19.07
07/14/2020,18.77
07/13/2020,18.27
07/12/2020,18.41
07/10/2020,18.37
07/09/2020,17.88
07/08/2020,18.19
07/07/2020,17.86
07/06/2020,17.89
07/05/2020,17.68
07/03/2020,17.38
07/02/2020,17.25
07/01/2020,16.86
06/30/2020,16.73
06/29/2020,16.64
06/28/2020,15.96
06/26/2020,15.87
06/25/2020,16.09
06/24/2020,15.62
06/23/2020,16.28
06/22/2020,16.46
06/21/2020,15.91
06/19/2020,15.61
06/18/2020,15.54
06/17/2020,14.93
06/16/2020,14.96
06/15/2020,14.7
06/14/2020,13.96
06/12/2020,14.12
06/11/2020,13.71
06/10/2020,14.62
06/09/2020,14.45
06/08/2020,14.46
06/07/2020,14.98
06/05/2020,14.33
06/04/2020,13.77
06/03/2020,13.59
06/02/2020,13.48
06/01/2020,12.93
05/31/2020,12.77
05/29/2020,12.67
05/28/2020,12.07
05/27/2020,11.59
05/26/2020,12.18
05/25/2020,12.02
05/24/2020,11.66
05/22/2020,11.63
05/21/2020,11.75
05/20/2020,11.5
05/19/2020,11
05/18/2020,11.21
05/17/2020,10.46
05/15/2020,10.17
05/14/2020,9.79
05/13/2020,9.41
05/12/2020,9.38
05/11/2020,9.46
05/10/2020,9.71
05/08/2020,9.61
05/07/2020,9.12
05/06/2020,9.11
05/05/2020,9.68
05/04/2020,8.73
05/03/2020,8.27
05/01/2020,8.31
04/30/2020,8.62
04/29/2020,8.16
04/28/2020,7.79
04/27/2020,7.79
04/26/2020,8.07
04/24/2020,7.99
04/23/2020,8.21
04/22/2020,8.05
04/21/2020,7.98
04/20/2020,11.96
04/19/2020,17.05
04/17/2020,18.16
04/16/2020,19.88
04/15/2020,20.25
04/14/2020,20.79
04/13/2020,22.8
04/12/2020,23.12
04/09/2020,23.05
04/08/2020,26.23
04/07/2020,24.45
04/06/2020,26.75
04/05/2020,26.13
04/03/2020,28.5
04/02/2020,24.46
04/01/2020,21.02
03/31/2020,20.05
03/30/2020,20.27
03/29/2020,20.05
03/27/2020,21.53
03/26/2020,22.77
03/25/2020,23.89
03/24/2020,24.25
03/23/2020,24.05
03/22/2020,21.23
03/20/2020,23.2
03/19/2020,26
03/18/2020,23.57
03/17/2020,26.48
03/16/2020,29.13
03/15/2020,30.45
03/13/2020,32.98
03/12/2020,31.02
03/11/2020,33.09
03/10/2020,34.01
03/09/2020,32.38
03/08/2020,32.45
03/06/2020,41.53
03/05/2020,46.12
03/04/2020,47.23
03/03/2020,46.91
03/02/2020,47.8
03/01/2020,44.45
02/28/2020,45.13
02/27/2020,46.66
02/26/2020,48.26
02/25/2020,50.01
02/24/2020,51.27
02/23/2020,51.87
02/21/2020,53.22
02/20/2020,53.26
02/19/2020,53.53
02/18/2020,52.16
02/17/2020,51.95
02/16/2020,52.11
02/14/2020,52.2
02/13/2020,51.39
02/12/2020,51.45
02/11/2020,50.12
02/10/2020,49.78
02/09/2020,49.74
02/07/2020,50.34
02/06/2020,51.41
02/05/2020,51.2
02/04/2020,49.58
02/03/2020,49.88
02/02/2020,51.02
01/31/2020,51.57
01/30/2020,52.84
01/29/2020,53.09
01/28/2020,53.74
01/27/2020,52.91
01/26/2020,52.56
01/24/2020,54.13
01/23/2020,55.62
01/22/2020,56.09
01/21/2020,58.26
01/20/2020,58.67
01/19/2020,59.22
01/17/2020,58.77
01/16/2020,58.61
01/15/2020,58.12
01/14/2020,58.09
01/13/2020,58.12
01/12/2020,58.94
01/10/2020,59.17
01/09/2020,59.55
01/08/2020,59.97
01/07/2020,64.92
01/06/2020,62.99
01/05/2020,63.89
01/03/2020,63.1
01/02/2020,61.19
12/31/2019,61.22
12/30/2019,61.69
12/29/2019,61.77
12/27/2019,61.74
12/26/2019,61.73
12/24/2019,61.16
12/23/2019,60.64
12/22/2019,60.51
12/20/2019,60.44
12/19/2019,61.14
12/18/2019,60.88
12/17/2019,60.55
12/16/2019,60.12
12/15/2019,59.76
12/13/2019,59.78
12/12/2019,59.56
12/11/2019,58.91
12/10/2019,59.06
12/09/2019,58.84
12/08/2019,58.94
12/06/2019,59.11
12/05/2019,58.31
12/04/2019,58.38
12/03/2019,56.37
12/02/2019,55.99
12/01/2019,55.76
11/29/2019,55.36
11/28/2019,58.01
11/27/2019,57.91
11/26/2019,58.2
11/25/2019,57.87
11/24/2019,57.92
11/22/2019,57.84
11/21/2019,58.26
11/20/2019,56.88
11/19/2019,55.26
11/18/2019,56.91
11/17/2019,57.73
11/15/2019,57.86
11/14/2019,56.95
11/13/2019,57.38
11/12/2019,56.62
11/11/2019,56.59
11/10/2019,57.06
11/08/2019,57.36
11/07/2019,56.88
11/06/2019,56.24
11/05/2019,57.01
11/04/2019,56.48
11/03/2019,56.11
11/01/2019,56.05
10/31/2019,53.97
10/30/2019,54.76
10/29/2019,55.36
10/28/2019,55.7
10/27/2019,56.56
10/25/2019,56.49
10/24/2019,55.95
10/23/2019,55.59
10/22/2019,54.05
10/21/2019,53.39
10/20/2019,53.56
10/18/2019,53.73
10/17/2019,53.95
10/16/2019,52.81
10/15/2019,52.99
10/14/2019,53.55
10/13/2019,54.8
10/11/2019,54.89
10/10/2019,53.92
10/09/2019,52.2
10/08/2019,52.41
10/07/2019,52.95
10/06/2019,52.64
10/04/2019,53
10/03/2019,52.38
10/02/2019,52.52
10/01/2019,54.05
09/30/2019,54.26
09/29/2019,56.08
09/27/2019,56.17
09/26/2019,56.3
09/25/2019,56.74
09/24/2019,56.83
09/23/2019,58.38
09/22/2019,58.72
09/20/2019,58.41
09/19/2019,58.87
09/18/2019,58.11
09/17/2019,58.91
09/16/2019,61.88
09/15/2019,61.34
09/13/2019,54.84
09/12/2019,55.17
09/11/2019,56.22
09/10/2019,57.97
09/09/2019,58.19
09/08/2019,56.88
09/06/2019,56.66
09/05/2019,56.28
09/04/2019,56.05
09/03/2019,53.88
09/02/2019,54.69
09/01/2019,54.83
08/30/2019,55.17
08/29/2019,56.61
08/28/2019,55.88
08/27/2019,55.63
08/26/2019,53.82
08/25/2019,53.15
08/23/2019,53.96
08/22/2019,55.55
08/21/2019,56.02
08/20/2019,56.23
08/19/2019,56.01
08/18/2019,55.22
08/16/2019,54.88
08/15/2019,54.76
08/14/2019,54.92
08/13/2019,56.76
08/12/2019,54.8
08/11/2019,54.2
08/09/2019,54.22
08/08/2019,52.77
08/07/2019,52.23
08/06/2019,53.31
08/05/2019,53.98
08/04/2019,55.27
08/02/2019,55.12
08/01/2019,54.34
07/31/2019,57.54
07/30/2019,58.16
07/29/2019,57.01
07/28/2019,55.88
07/26/2019,56.05
07/25/2019,55.95
07/24/2019,55.86
07/23/2019,56.91
07/22/2019,55.95
07/21/2019,56.09
07/19/2019,55.74
07/18/2019,55.66
07/17/2019,56.53
07/16/2019,57.56
07/15/2019,59.41
07/14/2019,60.06
07/12/2019,60.28
07/11/2019,60.34
07/10/2019,60.38
07/09/2019,58.57
07/08/2019,57.34
07/07/2019,57.55
07/05/2019,57.61
07/04/2019,56.66
07/03/2019,57.27
07/02/2019,56.4
07/01/2019,58.58
06/30/2019,59.38
06/28/2019,58.02
06/27/2019,59.17
06/26/2019,58.77
06/25/2019,58.59
06/24/2019,57.6
06/23/2019,57.61
06/21/2019,57.36
06/20/2019,57.18
06/19/2019,54.41
06/18/2019,54.2
06/17/2019,51.84
06/16/2019,52.66
06/14/2019,52.47
06/13/2019,52.05
06/12/2019,51.2
06/11/2019,52.77
06/10/2019,53.28
06/09/2019,54.38
06/07/2019,53.98
06/06/2019,53.2
06/05/2019,51.55
06/04/2019,52.98
06/03/2019,53.02
06/02/2019,52.74
05/31/2019,53.25
05/30/2019,55.79
05/29/2019,58.95
05/28/2019,58.8
05/27/2019,59.04
05/26/2019,58.66
05/24/2019,58.88
05/23/2019,58.05
05/22/2019,61.2
05/21/2019,62.63
05/20/2019,63.24
05/19/2019,63.41
05/17/2019,62.74
05/16/2019,63.16
05/15/2019,62.2
05/14/2019,61.27
05/13/2019,60.92
05/12/2019,61.3
05/10/2019,61.71
05/09/2019,61.84
05/08/2019,61.91
05/07/2019,61.51
05/06/2019,62.26
05/05/2019,60.45
05/03/2019,61.8
05/02/2019,61.62
05/01/2019,63.41
04/30/2019,63.48
04/29/2019,63.47
04/28/2019,62.78
04/26/2019,62.77
04/25/2019,64.89
04/24/2019,65.66
04/23/2019,65.94
04/22/2019,65.67
04/21/2019,64.39
04/18/2019,63.96
04/17/2019,63.71
04/16/2019,64.33
04/15/2019,63.46
04/14/2019,63.61
04/12/2019,63.73
04/11/2019,63.71
04/10/2019,64.27
04/09/2019,64.09
04/08/2019,64.35
04/07/2019,63.31
04/05/2019,63.16
04/04/2019,61.84
04/03/2019,62.26
04/02/2019,62.36
04/01/2019,61.58
03/31/2019,60.17
03/29/2019,59.98
03/28/2019,59.3
03/27/2019,59.12
03/26/2019,59.62
03/25/2019,58.92
03/24/2019,58.56
03/22/2019,58.69
03/21/2019,59.64
03/20/2019,59.8
03/19/2019,58.92
03/18/2019,59.05
03/17/2019,58.41
03/15/2019,58.34
03/14/2019,58.48
03/13/2019,58.23
03/12/2019,57.06
03/11/2019,56.87
03/10/2019,56.02
03/08/2019,55.86
03/07/2019,56.28
03/06/2019,55.95
03/05/2019,55.98
03/04/2019,56.22
03/03/2019,55.78
03/01/2019,55.5
02/28/2019,56.94
02/27/2019,56.7
02/26/2019,55.73
02/25/2019,55.15
02/24/2019,57.02
02/22/2019,56.74
02/21/2019,56.49
02/20/2019,56.83
02/19/2019,55.91
02/18/2019,55.86
02/17/2019,55.91
02/15/2019,55.76
02/14/2019,54.52
02/13/2019,53.92
02/12/2019,53.41
02/11/2019,52.34
02/10/2019,52.41
02/08/2019,52.6
02/07/2019,52.38
02/06/2019,53.83
02/05/2019,53.64
02/04/2019,54.59
02/03/2019,55.06
02/01/2019,55.17
01/31/2019,53.71
01/30/2019,54.28
01/29/2019,53.12
01/28/2019,51.86
01/27/2019,53.05
01/25/2019,53.3
01/24/2019,52.84
01/23/2019,52.2
01/22/2019,52.62
01/21/2019,53.95
01/20/2019,53.36
01/18/2019,53.67
01/17/2019,52.17
01/16/2019,52.23
01/15/2019,51.87
01/14/2019,50.64
01/13/2019,51.78
01/11/2019,51.64
01/10/2019,52.2
01/09/2019,52.08
01/08/2019,49.89
01/07/2019,48.66
01/06/2019,48.49
01/04/2019,48.18
01/03/2019,46.78
01/02/2019,45.66
12/31/2018,45
12/30/2018,45.34
12/28/2018,44.92
12/27/2018,45.23
12/26/2018,46.39
12/24/2018,42.27
12/23/2018,45.33
12/21/2018,45.08
12/20/2018,46.06
12/19/2018,47.08
12/18/2018,46.3
12/17/2018,49.32
12/16/2018,51.3
12/14/2018,51.17
12/13/2018,52.78
12/12/2018,51.31
12/11/2018,51.98
12/10/2018,50.89
12/09/2018,52.33
12/07/2018,52.05
12/06/2018,51.42
12/05/2018,52.59
12/04/2018,52.68
12/03/2018,53.16
12/02/2018,52.21
11/30/2018,50.6
11/29/2018,51.27
11/28/2018,50.47
11/27/2018,51.93
11/26/2018,51.45
11/25/2018,50.45
11/23/2018,50.89
11/22/2018,53.84
11/21/2018,54.47
11/20/2018,53.3
11/19/2018,57.19
11/18/2018,57.09
11/16/2018,56.81
11/15/2018,56.47
11/14/2018,55.89
11/13/2018,55.7
11/12/2018,58.94
11/11/2018,60.76
11/09/2018,59.8
11/08/2018,60.68
11/07/2018,61.62
11/06/2018,61.74
11/05/2018,62.8
11/04/2018,62.91
11/02/2018,62.77
11/01/2018,63.52
10/31/2018,64.95
10/30/2018,66.4
10/29/2018,66.61
10/28/2018,67.59
10/26/2018,67.5
10/25/2018,66.81
10/24/2018,66.06
10/23/2018,66.27
10/22/2018,69.47
10/21/2018,69.34
10/19/2018,69.39
10/18/2018,68.83
10/17/2018,69.95
10/16/2018,72.32
10/15/2018,71.92
10/14/2018,72.39
10/12/2018,71.56
10/11/2018,71.2
10/10/2018,72.8
10/09/2018,74.91
10/08/2018,74.42
10/07/2018,74.05
10/05/2018,74.5
10/04/2018,74.97
10/03/2018,76.39
10/02/2018,75.42
10/01/2018,75.77
09/30/2018,73.75
09/28/2018,73.78
09/27/2018,72.42
09/26/2018,72.42
09/25/2018,72.23
09/24/2018,72.5
09/23/2018,71.81
09/21/2018,71.09
09/20/2018,70.55
09/19/2018,71.42
09/18/2018,69.86
09/17/2018,68.61
09/16/2018,68.89
09/14/2018,69.17
09/13/2018,69.04
09/12/2018,70.39
09/11/2018,70.09
09/10/2018,67.86
09/09/2018,68.42
09/07/2018,68.17
09/06/2018,68.33
09/05/2018,69.02
09/04/2018,69.86
09/03/2018,70.61
09/02/2018,70.44
08/31/2018,70.49
08/30/2018,70.64
08/29/2018,70.3
08/28/2018,69.22
08/27/2018,69.67
08/26/2018,69.38
08/24/2018,69.34
08/23/2018,68.65
08/22/2018,68.81
08/21/2018,66.88
08/20/2018,66.31
08/19/2018,65.86
08/17/2018,66.08
08/16/2018,65.61
08/15/2018,65.11
08/14/2018,67.02
08/13/2018,67.72
08/12/2018,68.17
08/10/2018,68.23
08/09/2018,67.25
08/08/2018,67.31
08/07/2018,69.78
08/06/2018,69.5
08/05/2018,69.25
08/03/2018,69.42
08/02/2018,69.72
08/01/2018,68.64
07/31/2018,69.28
07/30/2018,71.04
07/29/2018,69.92
07/27/2018,70.07
07/26/2018,70.64
07/25/2018,70.58
07/24/2018,69.91
07/23/2018,69.02
07/22/2018,69.53
07/20/2018,69.47
07/19/2018,69.52
07/18/2018,68.94
07/17/2018,67.81
07/16/2018,68.08
07/15/2018,70.71
07/13/2018,70.59
07/12/2018,70.36
07/11/2018,70.64
07/10/2018,74.08
07/09/2018,74.03
07/08/2018,73.94
07/06/2018,74
07/05/2018,73.15
07/04/2018,74.22
07/03/2018,74.72
07/02/2018,74.06
07/01/2018,73.59
06/29/2018,74.39
06/28/2018,73.45
06/27/2018,72.61
06/26/2018,70.75
06/25/2018,68.16
06/24/2018,68.89
06/22/2018,69.35
06/21/2018,65.97
06/20/2018,65.67
06/19/2018,65.25
06/18/2018,65.61
06/17/2018,64.39
06/15/2018,64.35
06/14/2018,66.94
06/13/2018,66.62
06/12/2018,65.83
06/11/2018,66.11
06/10/2018,65.52
06/08/2018,65.55
06/07/2018,66.09
06/06/2018,65.11
06/05/2018,65.51
06/04/2018,64.92
06/03/2018,65.72
06/01/2018,65.71
05/31/2018,67.02
05/30/2018,68.04
05/29/2018,66.73
05/28/2018,66.97
05/27/2018,67.29
05/25/2018,67.42
05/24/2018,70.59
05/23/2018,71.75
05/22/2018,72.08
05/21/2018,72.44
05/20/2018,71.67
05/18/2018,71.39
05/17/2018,71.58
05/16/2018,71.55
05/15/2018,70.97
05/14/2018,71.06
05/13/2018,70.64
05/11/2018,70.52
05/10/2018,71.5
05/09/2018,71.42
05/08/2018,70.21
05/07/2018,70.02
05/06/2018,69.78
05/04/2018,69.78
05/03/2018,68.51
05/02/2018,67.66
05/01/2018,67.45
04/30/2018,68.53
04/29/2018,67.99
04/27/2018,67.98
04/26/2018,68.11
04/25/2018,68.22
04/24/2018,67.83
04/23/2018,68.98
04/22/2018,68.23
04/20/2018,68.09
04/19/2018,68.39
04/18/2018,68.75
04/17/2018,66.59
04/16/2018,66.42
04/15/2018,67.14
04/13/2018,67.31
04/12/2018,66.83
04/11/2018,66.8
04/10/2018,65.62
04/09/2018,63.26
04/08/2018,62.13
04/06/2018,61.89
04/05/2018,63.12
04/04/2018,63.61
04/03/2018,63.48
04/02/2018,63.02
04/01/2018,65.03
03/29/2018,64.86
03/28/2018,64.61
03/27/2018,64.75
03/26/2018,65.5
03/25/2018,66.33
03/23/2018,65.75
03/22/2018,64.47
03/21/2018,65.3
03/20/2018,63.66
03/19/2018,62.14
03/18/2018,62.12
03/16/2018,62.26
03/15/2018,61.26
03/14/2018,60.95
03/13/2018,60.89
03/12/2018,61.31
03/11/2018,62.18
03/09/2018,62.18
03/08/2018,60.32
03/07/2018,61.34
03/06/2018,62.08
03/05/2018,62.65
03/04/2018,61.62
03/02/2018,61.52
03/01/2018,61.3
02/28/2018,61.52
02/27/2018,62.89
02/26/2018,64.05
02/25/2018,63.64
02/23/2018,63.65
02/22/2018,62.73
02/21/2018,61.33
02/20/2018,61.73
02/19/2018,62.47
02/18/2018,61.83
02/16/2018,61.65
02/15/2018,61.49
02/14/2018,60.83
02/13/2018,58.97
02/12/2018,59.55
02/11/2018,59.39
02/09/2018,59.09
02/08/2018,60.52
02/07/2018,61.71
02/06/2018,63.91
02/05/2018,63.62
02/04/2018,65.06
02/02/2018,65.12
02/01/2018,66.11
01/31/2018,64.93
01/30/2018,63.83
01/29/2018,65.56
01/28/2018,66.31
01/26/2018,66.31
01/25/2018,65.22
01/24/2018,65.85
01/23/2018,64.51
01/22/2018,63.94
01/21/2018,63.49
01/19/2018,63.56
01/18/2018,63.66
01/17/2018,64.21
01/16/2018,63.87
01/15/2018,64.72
01/14/2018,64.28
01/12/2018,64.38
01/11/2018,63.51
01/10/2018,63.44
01/09/2018,63.34
01/08/2018,62.23
01/07/2018,61.64
01/05/2018,61.55
01/04/2018,61.92
01/03/2018,61.81
01/02/2018,60.4
12/29/2017,60.23
12/28/2017,59.81
12/27/2017,59.54
12/26/2017,59.78
12/22/2017,58.44
12/21/2017,58.14
12/20/2017,58
12/19/2017,57.65
12/18/2017,57.28
12/17/2017,57.38
12/15/2017,57.31
12/14/2017,57.05
12/13/2017,56.74
12/12/2017,57.41
12/11/2017,57.88
12/10/2017,57.12
12/08/2017,57.25
12/07/2017,56.5
12/06/2017,55.99
12/05/2017,57.34
12/04/2017,57.35
12/03/2017,58.09
12/01/2017,58.17
11/30/2017,57.24
11/29/2017,57.23
11/28/2017,57.56
11/27/2017,57.71
11/26/2017,58.71
11/24/2017,58.68
11/23/2017,58.22
11/22/2017,57.79
11/21/2017,56.88
11/20/2017,56.16
11/19/2017,56.58
11/17/2017,56.61
11/16/2017,55.17
11/15/2017,55.25
11/14/2017,55.02
11/13/2017,56.67
11/12/2017,56.84
11/10/2017,56.81
11/09/2017,56.96
11/08/2017,56.77
11/07/2017,56.91
11/06/2017,57.12
11/05/2017,55.72
11/03/2017,55.59
11/02/2017,54.79
11/01/2017,54.11
10/31/2017,54.43
10/30/2017,53.91
10/29/2017,53.91
10/27/2017,54
10/26/2017,52.5
10/25/2017,51.95
10/24/2017,52.27
10/23/2017,51.72
10/22/2017,51.91
10/20/2017,51.84
10/19/2017,51.39
10/18/2017,52.08
10/17/2017,51.98
10/16/2017,51.79
10/15/2017,51.82
10/13/2017,51.31
10/12/2017,50.6
10/11/2017,50.97
10/10/2017,50.74
10/09/2017,49.43
10/08/2017,49.28
10/06/2017,49.03
10/05/2017,50.56
10/04/2017,49.66
10/03/2017,49.83
10/02/2017,50.3
10/01/2017,51.36
09/29/2017,51.34
09/28/2017,51.28
09/27/2017,51.75
09/26/2017,51.74
09/25/2017,51.73
09/24/2017,50.27
09/22/2017,50.27
09/21/2017,50.31
09/20/2017,50.3
09/19/2017,49.79
09/18/2017,49.95
09/17/2017,49.79
09/15/2017,49.8
09/14/2017,49.72
09/13/2017,49.19
09/12/2017,48.25
09/11/2017,48.02
09/10/2017,47.62
09/08/2017,47.49
09/07/2017,49.04
09/06/2017,49.09
09/05/2017,48.5
09/04/2017,47.32
09/01/2017,47.33
08/31/2017,47.08
08/30/2017,45.94
08/29/2017,46.31
08/28/2017,46.78
08/25/2017,47.83
08/24/2017,47.59
08/23/2017,48.39
08/22/2017,47.64
08/21/2017,47.63
08/18/2017,48.63
08/17/2017,46.95
08/16/2017,46.78
08/15/2017,47.7
08/14/2017,47.52
08/11/2017,48.8
08/10/2017,48.52
08/09/2017,49.69
08/08/2017,48.97
08/07/2017,49.33
08/04/2017,49.52
08/03/2017,48.93
08/02/2017,49.58
08/01/2017,48.78
07/31/2017,50.19
07/28/2017,49.77
07/27/2017,49.14
07/26/2017,48.72
07/25/2017,48.58
07/24/2017,46.45
07/21/2017,45.59
07/20/2017,46.79
07/19/2017,47.16
07/18/2017,46.25
07/17/2017,45.98
07/14/2017,46.64
07/13/2017,46.08
07/12/2017,45.42
07/11/2017,45.76
07/10/2017,44.55
07/07/2017,44.33
07/06/2017,45.33
07/05/2017,45.62
07/03/2017,47.05
06/30/2017,46.34
06/29/2017,44.86
06/28/2017,44.87
06/27/2017,43.73
06/26/2017,43.48
06/23/2017,43.12
06/22/2017,42.77
06/21/2017,42.5
06/20/2017,43.23
06/19/2017,44.1
06/16/2017,44.7
06/15/2017,44.25
06/14/2017,44.66
06/13/2017,45.95
06/12/2017,46
06/09/2017,45.94
06/08/2017,45.69
06/07/2017,45.77
06/06/2017,47.98
06/05/2017,47.4
06/02/2017,47.77
06/01/2017,48.01
05/31/2017,48.63
05/30/2017,49.61
05/26/2017,49.84
05/25/2017,48.67
05/24/2017,51.3
05/23/2017,51.51
05/22/2017,50.73
05/19/2017,50.49
05/18/2017,49.36
05/17/2017,48.94
05/16/2017,48.25
05/15/2017,48.82
05/12/2017,47.86
05/11/2017,47.81
05/10/2017,47.34
05/09/2017,46.18
05/08/2017,46.5
05/05/2017,46.47
05/04/2017,45.48
05/03/2017,47.56
05/02/2017,48.06
05/01/2017,48.73
04/28/2017,49.2
04/27/2017,49.23
04/26/2017,49.18
04/25/2017,49.38
04/24/2017,49.2
04/21/2017,49.63
04/20/2017,50.27
04/19/2017,50.62
04/18/2017,52.33
04/17/2017,52.73
04/13/2017,52.93
04/12/2017,52.84
04/11/2017,53.41
04/10/2017,53.15
04/07/2017,52.33
04/06/2017,51.74
04/05/2017,50.84
04/04/2017,51.1
04/03/2017,50.24
03/31/2017,50.79
03/30/2017,50.36
03/29/2017,49.6
03/28/2017,48.45
03/27/2017,47.84
03/24/2017,48.13
03/23/2017,47.67
03/22/2017,48.12
03/21/2017,47.34
03/20/2017,48.2
03/17/2017,48.68
03/16/2017,48.8
03/15/2017,48.98
03/14/2017,48.48
03/13/2017,48.44
03/10/2017,48.38
03/09/2017,49.62
03/08/2017,50.19
03/07/2017,52.77
03/06/2017,53.18
03/03/2017,53.2
03/02/2017,52.59
03/01/2017,53.67
02/28/2017,53.99
02/27/2017,54.03
02/24/2017,54
02/23/2017,54.39
02/22/2017,53.88
02/21/2017,54.06
02/17/2017,53.38
02/16/2017,53.43
02/15/2017,53.01
02/14/2017,53.03
02/13/2017,52.88
02/10/2017,53.84
02/09/2017,53.16
02/08/2017,52.39
02/07/2017,51.69
02/06/2017,53.12
02/03/2017,53.84
02/02/2017,53.7
02/01/2017,53.55
01/31/2017,52.8
01/30/2017,52.6
01/27/2017,53.17
01/26/2017,53.73
01/25/2017,52.94
01/24/2017,52.92
01/23/2017,52.84
01/20/2017,52.48
01/19/2017,51.47
01/18/2017,51.44
01/17/2017,52.53
01/13/2017,52.53
01/12/2017,53.05
01/11/2017,52.39
01/10/2017,50.77
01/09/2017,51.77
01/06/2017,53.69
01/05/2017,53.76
01/04/2017,53.35
01/03/2017,52.48
12/30/2016,53.89
12/29/2016,53.86
12/28/2016,53.66
12/27/2016,53.85
12/23/2016,53.24
12/22/2016,52.64
12/21/2016,52.5
12/20/2016,52.23
12/19/2016,52.03
12/16/2016,52.03
12/15/2016,51.06
12/14/2016,50.78
12/13/2016,52.45
12/12/2016,52.42
12/09/2016,51.48
12/08/2016,50.93
12/07/2016,49.85
12/06/2016,50.91
12/05/2016,50.96
12/02/2016,51.67
12/01/2016,50.87
11/30/2016,49
11/29/2016,45.27
11/28/2016,46.92
11/25/2016,45.96
11/23/2016,47.94
11/22/2016,47.87
11/21/2016,47.49
11/18/2016,45.5
11/17/2016,44.94
11/16/2016,45.36
11/15/2016,45.77
11/14/2016,43.71
11/11/2016,43.16
11/10/2016,44.32
11/09/2016,45.34
11/08/2016,44.83
11/07/2016,44.95
11/04/2016,44.14
11/03/2016,44.65
11/02/2016,45.49
11/01/2016,46.39
10/31/2016,46.72
10/28/2016,48.66
10/27/2016,49.61
10/26/2016,49.19
10/25/2016,49.33
10/24/2016,50.46
10/21/2016,50.95
10/20/2016,50.43
10/19/2016,51.72
10/18/2016,50.75
10/17/2016,50.06
10/14/2016,50.33
10/13/2016,50.52
10/12/2016,50.03
10/11/2016,50.84
10/10/2016,51.14
10/07/2016,49.62
10/06/2016,50.59
10/05/2016,49.69
10/04/2016,49.2
10/03/2016,48.66
09/30/2016,48.05
09/29/2016,47.73
09/28/2016,47.17
09/27/2016,44.92
09/26/2016,45.64
09/23/2016,44.61
09/22/2016,46.09
09/21/2016,45.63
09/20/2016,43.44
09/19/2016,43.25
09/16/2016,43.14
09/15/2016,43.72
09/14/2016,43.62
09/13/2016,44.97
09/12/2016,46.05
09/09/2016,45.72
09/08/2016,47.31
09/07/2016,46.14
09/06/2016,44.88
09/02/2016,44.24
09/01/2016,43.51
08/31/2016,44.84
08/30/2016,46.27
08/29/2016,46.95
08/26/2016,47.3
08/25/2016,47.38
08/24/2016,46.78
08/23/2016,47.57
08/22/2016,47.05
08/19/2016,48.48
08/18/2016,48.34
08/17/2016,46.9
08/16/2016,46.39
08/15/2016,45.68
08/12/2016,44.73
08/11/2016,43.41
08/10/2016,41.48
08/09/2016,42.73
08/08/2016,42.87
08/05/2016,41.98
08/04/2016,41.78
08/03/2016,41.19
08/02/2016,39.72
08/01/2016,40.05
07/29/2016,41.38
07/28/2016,41.11
07/27/2016,41.89
07/26/2016,42.65
07/25/2016,43.05
07/22/2016,44.27
07/21/2016,44.53
07/20/2016,44.94
07/19/2016,44.47
07/18/2016,45.22
07/15/2016,46.26
07/14/2016,45.49
07/13/2016,45.11
07/12/2016,46.62
07/11/2016,44.54
07/08/2016,45.16
07/07/2016,45.2
07/06/2016,47.87
07/05/2016,46.85
07/01/2016,49.26
06/30/2016,48.38
06/29/2016,49.53
06/28/2016,48.08
06/27/2016,46.62
06/24/2016,47.61
06/23/2016,50.18
06/22/2016,48.98
06/21/2016,48.85
06/20/2016,49.3
06/17/2016,48.22
06/16/2016,46.01
06/15/2016,47.46
06/14/2016,47.88
06/13/2016,48.57
06/10/2016,48.92
06/09/2016,50.44
06/08/2016,51.5
06/07/2016,50.42
06/06/2016,49.73
06/03/2016,48.85
06/02/2016,49.02
06/01/2016,48.92
05/31/2016,48.87
05/27/2016,49.55
05/26/2016,49.37
05/25/2016,49.7
05/24/2016,49.14
05/23/2016,48.11
05/20/2016,47.47
05/19/2016,48.49
05/18/2016,47.98
05/17/2016,48.56
05/16/2016,47.89
05/13/2016,46.35
05/12/2016,46.43
05/11/2016,46.01
05/10/2016,44.55
05/09/2016,43.26
05/06/2016,44.61
05/05/2016,44.47
05/04/2016,44.05
05/03/2016,43.86
05/02/2016,44.92
04/29/2016,46
04/28/2016,45.87
04/27/2016,45.32
04/26/2016,44.67
04/25/2016,42.98
04/22/2016,43.72
04/21/2016,43.43
04/20/2016,42.63
04/19/2016,41.26
04/18/2016,40.05
04/15/2016,40.41
04/14/2016,41.45
04/13/2016,41.55
04/12/2016,41.66
04/11/2016,40.35
04/08/2016,39.67
04/07/2016,37.48
04/06/2016,37.73
04/05/2016,36.57
04/04/2016,35.48
04/01/2016,36.7
03/31/2016,38.12
03/30/2016,38.29
03/29/2016,38.49
03/28/2016,39.33
03/24/2016,39.52
03/23/2016,39.77
03/22/2016,41.24
03/21/2016,39.91
03/18/2016,40.53
03/17/2016,40.34
03/16/2016,38.55
03/15/2016,36.77
03/14/2016,37.36
03/11/2016,38.48
03/10/2016,38.02
03/09/2016,38.2
03/08/2016,36.36
03/07/2016,37.97
03/04/2016,36.31
03/03/2016,34.69
03/02/2016,34.74
03/01/2016,33.85
02/29/2016,33.91
02/26/2016,32.79
02/25/2016,33.07
02/24/2016,32.21
02/23/2016,31.4
02/22/2016,31.48
02/19/2016,29.87
02/18/2016,30.7
02/17/2016,31.43
02/16/2016,29.12
02/12/2016,29.12
02/11/2016,27.22
02/10/2016,27.3
02/09/2016,28.3
02/08/2016,30.16
02/05/2016,30.99
02/04/2016,31.66
02/03/2016,32.72
02/02/2016,29.66
02/01/2016,31.33
01/29/2016,33.75
01/28/2016,33.75
01/27/2016,32.17
01/26/2016,30.52
01/25/2016,29.8
01/22/2016,32.25
01/21/2016,29.85
01/20/2016,26.55
01/19/2016,28.38
01/15/2016,29.71
01/14/2016,31.22
01/13/2016,30.55
01/12/2016,30.57
01/11/2016,31.12
01/08/2016,32.91
01/07/2016,33.27
01/06/2016,34.04
01/05/2016,36.12
01/04/2016,36.89
12/31/2015,37.11
12/30/2015,36.8
12/29/2015,37.36
12/28/2015,36.69
12/24/2015,38.11
12/23/2015,37.89
12/22/2015,36.45
12/21/2015,34.74
12/18/2015,34.49
12/17/2015,34.72
12/16/2015,35.72
12/15/2015,36.74
12/14/2015,36.25
12/11/2015,35.36
12/10/2015,36.56
12/09/2015,37.23
12/08/2015,37.84
12/07/2015,37.64
12/04/2015,40.15
12/03/2015,41.28
12/02/2015,40.1
12/01/2015,41.66
11/30/2015,41.69
11/27/2015,41.76
11/25/2015,43.2
11/24/2015,42.64
11/23/2015,42.03
11/20/2015,40.39
11/19/2015,40.53
11/18/2015,40.59
11/17/2015,41.06
11/16/2015,42.04
11/13/2015,40.75
11/12/2015,41.61
11/11/2015,42.99
11/10/2015,43.65
11/09/2015,44.1
11/06/2015,44.55
11/05/2015,45.32
11/04/2015,46.54
11/03/2015,47.7
11/02/2015,46.08
10/30/2015,46.42
10/29/2015,45.72
10/28/2015,46.19
10/27/2015,43.42
10/26/2015,43.77
10/23/2015,44.72
10/22/2015,45.42
10/21/2015,45.2
10/20/2015,45.55
10/19/2015,46.08
10/16/2015,47.27
10/15/2015,46.95
10/14/2015,46.3
10/13/2015,46.6
10/12/2015,47.44
10/09/2015,49.53
10/08/2015,49.65
10/07/2015,48.13
10/06/2015,49.05
10/05/2015,46.25
10/02/2015,45.66
10/01/2015,45.05
09/30/2015,45.41
09/29/2015,44.86
09/28/2015,44.45
09/25/2015,45.44
09/24/2015,45.1
09/23/2015,44.62
09/22/2015,45.83
09/21/2015,45.57
09/18/2015,44.77
09/17/2015,46.86
09/16/2015,47.18
09/15/2015,45.16
09/14/2015,44.16
09/11/2015,44.78
09/10/2015,45.7
09/09/2015,44.09
09/08/2015,45.75
09/04/2015,45.7
09/03/2015,46.67
09/02/2015,46.06
09/01/2015,44.17
08/31/2015,48.16
08/28/2015,45.4
08/27/2015,42.81
08/26/2015,38.89
08/25/2015,39.58
08/24/2015,38.13
08/21/2015,40.35
08/20/2015,41.14
08/19/2015,40.5
08/18/2015,42.42
08/17/2015,41.86
08/14/2015,42.16
08/13/2015,42.22
08/12/2015,43.36
08/11/2015,43.23
08/10/2015,44.8
08/07/2015,43.79
08/06/2015,44.83
08/05/2015,45.16
08/04/2015,45.98
08/03/2015,45.31
07/31/2015,46.77
07/30/2015,48.45
07/29/2015,48.89
07/28/2015,47.8
07/27/2015,47
07/24/2015,47.97
07/23/2015,48.81
07/22/2015,49.19
07/21/2015,50.36
07/20/2015,49.88
07/17/2015,50.8
07/16/2015,50.98
07/15/2015,51.62
07/14/2015,53.37
07/13/2015,52.03
07/10/2015,52.81
07/09/2015,52.55
07/08/2015,51.86
07/07/2015,52.91
07/06/2015,52.68
07/02/2015,56.5
07/01/2015,56.84
06/30/2015,59
06/29/2015,58.25
06/26/2015,59.58
06/25/2015,59.65
06/24/2015,60.22
06/23/2015,61.11
06/22/2015,59.68
06/19/2015,59.28
06/18/2015,60.51
06/17/2015,59.8
06/16/2015,60.05
06/15/2015,59.61
06/12/2015,59.97
06/11/2015,60.53
06/10/2015,61.11
06/09/2015,60.53
06/08/2015,58.31
06/05/2015,58.92
06/04/2015,57.99
06/03/2015,59.62
06/02/2015,61.05
06/01/2015,60.21
05/29/2015,60.3
05/28/2015,57.98
05/27/2015,57.59
05/26/2015,58.33
05/22/2015,59.97
05/21/2015,60.67
05/20/2015,58.76
05/19/2015,57.26
05/18/2015,59.7
05/15/2015,59.84
05/14/2015,59.7
05/13/2015,60.11
05/12/2015,61.17
05/11/2015,59.3
05/08/2015,59.45
05/07/2015,58.98
05/06/2015,60.62
05/05/2015,60.67
05/04/2015,58.98
05/01/2015,59.24
04/30/2015,59.74
04/29/2015,58.6
04/28/2015,56.96
04/27/2015,56.68
04/24/2015,57.45
04/23/2015,57.47
04/22/2015,56.25
04/21/2015,55.26
04/20/2015,56.66
04/17/2015,56.12
04/16/2015,56.55
04/15/2015,55.96
04/14/2015,53.49
04/13/2015,52
04/10/2015,51.79
04/09/2015,50.73
04/08/2015,50.94
04/07/2015,53.27
04/06/2015,51.97
04/02/2015,49.52
04/01/2015,49.61
03/31/2015,47.52
03/30/2015,48.73
03/27/2015,48.34
03/26/2015,50.97
03/25/2015,48.98
03/24/2015,47.65
03/23/2015,47.41
03/20/2015,45.72
03/19/2015,44.3
03/18/2015,44.7
03/17/2015,42.44
03/16/2015,43.86
03/13/2015,44.98
03/12/2015,46.94
03/11/2015,48.4
03/10/2015,48.71
03/09/2015,50.03
03/06/2015,49.81
03/05/2015,50.92
03/04/2015,51.64
03/03/2015,50.63
03/02/2015,49.76
02/27/2015,49.41
02/26/2015,48.92
02/25/2015,51.07
02/24/2015,49.11
02/23/2015,49.41
02/20/2015,50.97
02/19/2015,51.7
02/18/2015,50.54
02/17/2015,53.23
02/13/2015,52.53
02/12/2015,51.25
02/11/2015,49.37
02/10/2015,50.97
02/09/2015,52.44
02/06/2015,52.2
02/05/2015,50.78
02/04/2015,48.7
02/03/2015,51.62
02/02/2015,49.84
01/30/2015,47.77
01/29/2015,44.6
01/28/2015,44.4
01/27/2015,45.78
01/26/2015,45.09
01/23/2015,45.33
01/22/2015,46.51
01/21/2015,47.35
01/20/2015,46.39
01/16/2015,48.47
01/15/2015,46.24
01/14/2015,48.62
01/13/2015,46.13
01/12/2015,45.7
01/09/2015,48.2
01/08/2015,48.97
01/07/2015,48.78
01/06/2015,48.03
01/05/2015,49.91
01/02/2015,52.69
12/31/2014,53.78
12/30/2014,53.89
12/29/2014,53.72
12/26/2014,55.13
12/24/2014,55.89
12/23/2014,56.77
12/22/2014,55.31
12/19/2014,56.52
12/18/2014,55.55
12/17/2014,55.81
12/16/2014,55.62
12/15/2014,55.4
12/12/2014,57.51
12/11/2014,59.11
12/10/2014,61.19
12/09/2014,63.36
12/08/2014,63.03
12/05/2014,65.68
12/04/2014,66.75
12/03/2014,67.37
12/02/2014,67.59
12/01/2014,69.24
11/28/2014,66.05
11/26/2014,73.47
11/25/2014,73.87
11/24/2014,75.49
11/21/2014,76.65
11/20/2014,75.58
11/19/2014,74.32
11/18/2014,74.25
11/17/2014,75.46
11/14/2014,75.96
11/13/2014,74.25
11/12/2014,76.89
11/11/2014,77.53
11/10/2014,77.19
11/07/2014,78.44
11/06/2014,77.84
11/05/2014,78.95
11/04/2014,77.36
11/03/2014,78.22
10/31/2014,80.65
10/30/2014,80.99
10/29/2014,81.95
10/28/2014,81.61
10/27/2014,80.65
10/24/2014,81.31
10/23/2014,81.91
10/22/2014,80.36
10/21/2014,82.81
10/20/2014,82.72
10/17/2014,83
10/16/2014,83.09
10/15/2014,80.92
10/14/2014,82.3
10/13/2014,85.01
10/10/2014,85.52
10/09/2014,84.33
10/08/2014,87.7
10/07/2014,88.44
10/06/2014,90.47
10/03/2014,89.72
10/02/2014,91.39
10/01/2014,90.77
09/30/2014,91.35
09/29/2014,94.31
09/26/2014,93.41
09/25/2014,92.47
09/24/2014,92.87
09/23/2014,91.74
09/22/2014,91.52
09/19/2014,92.42
09/18/2014,93.05
09/17/2014,94
09/16/2014,94.71
09/15/2014,92.81
09/12/2014,92.16
09/11/2014,93.06
09/10/2014,91.7
09/09/2014,92.75
09/08/2014,93.16
09/05/2014,93.42
09/04/2014,94.56
09/03/2014,95.09
09/02/2014,93.28
08/29/2014,95.86
08/28/2014,94.6
08/27/2014,93.69
08/26/2014,93.83
08/25/2014,93.38
08/22/2014,93.45
08/21/2014,93.91
08/20/2014,96.07
08/19/2014,94.66
08/18/2014,96.61
08/15/2014,97.19
08/14/2014,95.51
08/13/2014,97.36
08/12/2014,97.19
08/11/2014,97.84
08/08/2014,97.41
08/07/2014,97.63
08/06/2014,96.84
08/05/2014,97.58
08/04/2014,98.4
08/01/2014,97.59
07/31/2014,97.64
07/30/2014,99.45
07/29/2014,100.97
07/28/2014,101.62
07/25/2014,101.91
07/24/2014,102.02
07/23/2014,103.25
07/22/2014,104.42
07/21/2014,104.66
07/18/2014,102.94
07/17/2014,103.75
07/16/2014,101.52
07/15/2014,100.19
07/14/2014,101.02
07/11/2014,100.53
07/10/2014,102.87
07/09/2014,101.95
07/08/2014,103.47
07/07/2014,103.38
07/03/2014,104.02
07/02/2014,104.22
07/01/2014,105.22
06/30/2014,105.53
06/27/2014,105.75
06/26/2014,105.66
06/25/2014,106.81
06/24/2014,105.93
06/23/2014,106.03
06/20/2014,107.26
06/19/2014,106.6
06/18/2014,106.15
06/17/2014,106.62
06/16/2014,106.62
06/13/2014,106.67
06/12/2014,106.86
06/11/2014,104.48
06/10/2014,104.29
06/09/2014,104.51
06/06/2014,102.77
06/05/2014,102.45
06/04/2014,102.4
06/03/2014,102.81
06/02/2014,102.44
05/30/2014,102.89
05/29/2014,103.53
05/28/2014,103.08
05/27/2014,104.16
05/23/2014,104.39
05/22/2014,103.75
05/21/2014,103.85
05/20/2014,102.44
05/19/2014,102.77
05/16/2014,102.16
05/15/2014,101.55
05/14/2014,102.03
05/13/2014,101.95
05/12/2014,100.61
05/09/2014,100.04
05/08/2014,100.29
05/07/2014,100.84
05/06/2014,99.9
05/05/2014,99.38
05/02/2014,99.93
05/01/2014,99.23
04/30/2014,99.7
04/29/2014,100.73
04/28/2014,100.88
04/25/2014,100.69
04/24/2014,101.89
04/23/2014,101.57
04/22/2014,102.13
04/21/2014,104.17
04/17/2014,104.59
04/16/2014,103.81
04/15/2014,103.83
04/14/2014,103.6
04/11/2014,103.35
04/10/2014,103.38
04/09/2014,103.44
04/08/2014,102.34
04/07/2014,100.76
04/04/2014,101.1
04/03/2014,100.45
04/02/2014,99.3
04/01/2014,99.69
03/31/2014,101.53
03/28/2014,101.61
03/27/2014,101.38
03/26/2014,100.28
03/25/2014,99.19
03/24/2014,99.43
03/21/2014,99.62
03/20/2014,99.43
03/19/2014,100.31
03/18/2014,99.55
03/17/2014,97.99
03/14/2014,99.01
03/13/2014,98.25
03/12/2014,98.09
03/11/2014,99.51
03/10/2014,100.93
03/07/2014,102.69
03/06/2014,101.99
03/05/2014,100.95
03/04/2014,103.34
03/03/2014,104.86
02/28/2014,102.71
02/27/2014,102.11
02/26/2014,102.62
02/25/2014,102.03
02/24/2014,102.85
02/21/2014,102.31
02/20/2014,102.92
02/19/2014,103.38
02/18/2014,103.16
02/14/2014,100.38
02/13/2014,100.37
02/12/2014,100.28
02/11/2014,100.39
02/10/2014,99.97
02/07/2014,100.17
02/06/2014,97.95
02/05/2014,97.3
02/04/2014,97.73
02/03/2014,96.66
01/31/2014,97.47
01/30/2014,98.03
01/29/2014,97.45
01/28/2014,97.17
01/27/2014,95.66
01/24/2014,96.91
01/23/2014,97.35
01/22/2014,96.67
01/21/2014,94.99
01/17/2014,94.1
01/16/2014,94.12
01/15/2014,94.35
01/14/2014,92.62
01/13/2014,91.53
01/10/2014,92.85
01/09/2014,92.32
01/08/2014,92.52
01/07/2014,93.94
01/06/2014,93.65
01/03/2014,94.17
01/02/2014,95.41
12/31/2013,98.69
12/30/2013,99.17
12/27/2013,100.16
12/26/2013,99.64
12/24/2013,99.24
12/23/2013,98.72
12/20/2013,99.15
12/19/2013,98.77
12/18/2013,97.58
12/17/2013,97.19
12/16/2013,97.35
12/13/2013,96.46
12/12/2013,97.52
12/11/2013,97.43
12/10/2013,98.65
12/09/2013,97.19
12/06/2013,97.75
12/05/2013,97.43
12/04/2013,97.29
12/03/2013,96.9
12/02/2013,93.9
11/29/2013,92.79
11/27/2013,92.37
11/26/2013,93.5
11/25/2013,94.18
11/22/2013,94.79
11/21/2013,95.28
11/20/2013,93.33
11/19/2013,93.3
11/18/2013,93.03
11/15/2013,93.66
11/14/2013,93.96
11/13/2013,93.48
11/12/2013,93.05
11/11/2013,95.01
11/08/2013,94.34
11/07/2013,94.37
11/06/2013,94.93
11/05/2013,93.69
11/04/2013,94.47
11/01/2013,94.61
10/31/2013,96.27
10/30/2013,96.58
10/29/2013,97.77
10/28/2013,98.54
10/25/2013,97.97
10/24/2013,97.17
10/23/2013,97.13
10/22/2013,97.8
10/21/2013,99.27
10/18/2013,100.75
10/17/2013,100.72
10/16/2013,102.12
10/15/2013,100.95
10/14/2013,102.14
10/11/2013,101.81
10/10/2013,102.88
10/09/2013,101.44
10/08/2013,103.53
10/07/2013,103.18
10/04/2013,103.66
10/03/2013,102.94
10/02/2013,103.81
10/01/2013,101.64
09/30/2013,102.31
09/27/2013,102.83
09/26/2013,102.88
09/25/2013,102.3
09/24/2013,103.37
09/23/2013,103.38
09/20/2013,104.68
09/19/2013,106.16
09/18/2013,108.18
09/17/2013,105.5
09/16/2013,106.16
09/13/2013,108.58
09/12/2013,108.74
09/11/2013,107.72
09/10/2013,107.31
09/09/2013,108.96
09/06/2013,110.3
09/05/2013,108.5
09/04/2013,107.34
09/03/2013,108.47
08/30/2013,107.77
08/29/2013,108.19
08/28/2013,109.5
08/27/2013,109.05
08/26/2013,106.12
08/23/2013,106.36
08/22/2013,105.19
08/21/2013,103.88
08/20/2013,104.97
08/19/2013,106.94
08/16/2013,107.64
08/15/2013,107.28
08/14/2013,106.98
08/13/2013,106.56
08/12/2013,106.14
08/09/2013,106.09
08/08/2013,103.83
08/07/2013,104.22
08/06/2013,105.72
08/05/2013,106.45
08/02/2013,106.81
08/01/2013,107.8
07/31/2013,105.35
07/30/2013,103.1
07/29/2013,104.55
07/26/2013,104.56
07/25/2013,105.59
07/24/2013,105.29
07/23/2013,107.42
07/22/2013,106.91
07/19/2013,108.22
07/18/2013,108.14
07/17/2013,106.54
07/16/2013,105.86
07/15/2013,106.47
07/12/2013,106.22
07/11/2013,104.62
07/10/2013,106.12
07/09/2013,104.53
07/08/2013,103.05
07/05/2013,103.56
07/03/2013,101.16
07/02/2013,99.61
07/01/2013,98.06
06/28/2013,96.49
06/27/2013,96.82
06/26/2013,95.43
06/25/2013,95.2
06/24/2013,94.94
06/21/2013,93.87
06/20/2013,95.4
06/19/2013,97.92
06/18/2013,98.59
06/17/2013,97.91
06/14/2013,97.81
06/13/2013,96.69
06/12/2013,95.8
06/11/2013,94.89
06/10/2013,95.75
06/07/2013,96.27
06/06/2013,94.75
06/05/2013,93.78
06/04/2013,93.84
06/03/2013,93.34
05/31/2013,91.67
05/30/2013,93.59
05/29/2013,92.89
05/28/2013,95.1
05/24/2013,93.85
05/23/2013,94.41
05/22/2013,94.09
05/21/2013,96.16
05/20/2013,96.58
05/17/2013,96.02
05/16/2013,95.19
05/15/2013,94.38
05/14/2013,94.17
05/13/2013,94.95
05/10/2013,95.9
05/09/2013,96.18
05/08/2013,96.64
05/07/2013,95.47
05/06/2013,95.78
05/03/2013,95.58
05/02/2013,94.03
05/01/2013,90.97
04/30/2013,93.06
04/29/2013,94.45
04/26/2013,92.8
04/25/2013,93.28
04/24/2013,91.65
04/23/2013,89.5
04/22/2013,88.76
04/19/2013,87.98
04/18/2013,88.4
04/17/2013,86.4
04/16/2013,88.84
04/15/2013,87.44
04/12/2013,90.66
04/11/2013,93.5
04/10/2013,94.54
04/09/2013,93.97
04/08/2013,93.55
04/05/2013,93.01
04/04/2013,93.36
04/03/2013,94.5
04/02/2013,96.92
04/01/2013,96.95
03/28/2013,97.19
03/27/2013,96.72
03/26/2013,96.18
03/25/2013,94.65
03/22/2013,93.87
03/21/2013,92.38
03/20/2013,92.96
03/19/2013,92.2
03/18/2013,93.83
03/15/2013,93.5
03/14/2013,93.18
03/13/2013,92.48
03/12/2013,92.61
03/11/2013,91.97
03/08/2013,91.88
03/07/2013,91.41
03/06/2013,90.43
03/05/2013,90.83
03/04/2013,90.22
03/01/2013,90.97
02/28/2013,91.84
02/27/2013,92.84
02/26/2013,92.72
02/25/2013,92.1
02/22/2013,93.35
02/21/2013,92.92
02/20/2013,95.56
02/19/2013,96.67
02/15/2013,96.12
02/14/2013,97.33
02/13/2013,97.17
02/12/2013,97.57
02/11/2013,97
02/08/2013,95.75
02/07/2013,95.9
02/06/2013,96.81
02/05/2013,96.67
02/04/2013,96.12
02/01/2013,97.62
01/31/2013,97.42
01/30/2013,98.03
01/29/2013,97.34
01/28/2013,96.55
01/25/2013,96.09
01/24/2013,95.97
01/23/2013,95.56
01/22/2013,96.24
01/18/2013,95.31
01/17/2013,95.2
01/16/2013,94.16
01/15/2013,93.42
01/14/2013,94.19
01/11/2013,93.76
01/10/2013,93.88
01/09/2013,93.25
01/08/2013,93.16
01/07/2013,93.31
01/04/2013,93.17
01/03/2013,92.84
01/02/2013,92.94
